input,output,selected_items
"[12, 12, 2, 2, 3, 1, 2, 1, 1, 1, 1, 1, 0, 0]","[0, 0, 2, 0, 5, 0, 7, 0, 8, 0, 0, 0]","['Lamp', 'Chair', 'Dresser', 'Bookshelf', 'Table']"
"[11, 10, 2, 3, 2, 3, 2, 2, 3, 1, 3, 1, 0, 0]","[0, 0, 0, 3, 0, 6, 0, 8, 0, 9, 0, 0]","['Bookshelf', 'Bed', 'TV Stand', 'Wardrobe', 'Sofa']"
"[8, 9, 3, 2, 2, 2, 2, 1, 1, 1, 0, 0, 0, 0]","[0, 0, 3, 0, 5, 0, 7, 0, 0, 0, 0, 0]","['Desk', 'Sofa', 'Chair', 'Table']"
"[12, 12, 2, 3, 1, 3, 1, 1, 0, 0, 0, 0, 0, 0]","[0, 0, 0, 3, 0, 6, 0, 0, 0, 0, 0, 0]","['Chair', 'TV Stand', 'Sofa']"
"[10, 9, 2, 3, 2, 2, 1, 1, 0, 0, 0, 0, 0, 0]","[0, 0, 0, 3, 0, 5, 0, 0, 0, 0, 0, 0]","['Lamp', 'Wardrobe', 'Bed']"
"[11, 9, 2, 2, 1, 2, 1, 2, 0, 0, 0, 0, 0, 0]","[0, 0, 0, 2, 0, 4, 0, 0, 0, 0, 0, 0]","['Dresser', 'Wardrobe', 'Desk']"
"[10, 10, 3, 2, 2, 2, 2, 2, 3, 1, 2, 1, 1, 1]","[0, 0, 3, 0, 5, 0, 7, 0, 7, 1, 9, 1]","['Sofa', 'Lamp', 'TV Stand', 'Wardrobe', 'Table', 'Desk']"
"[11, 12, 2, 2, 2, 2, 1, 1, 0, 0, 0, 0, 0, 0]","[0, 0, 2, 0, 4, 0, 0, 0, 0, 0, 0, 0]","['Wardrobe', 'Table', 'Chair']"
"[8, 11, 3, 2, 2, 2, 2, 1, 1, 1, 1, 1, 0, 0]","[0, 0, 3, 0, 5, 0, 7, 0, 5, 1, 0, 0]","['Wardrobe', 'Lamp', 'Desk', 'Chair', 'Sofa']"
"[8, 12, 3, 2, 3, 1, 2, 1, 0, 0, 0, 0, 0, 0]","[0, 0, 3, 0, 6, 0, 0, 0, 0, 0, 0, 0]","['Dresser', 'TV Stand', 'Bed']"
"[12, 12, 2, 3, 2, 3, 2, 2, 1, 3, 0, 0, 0, 0]","[0, 0, 0, 3, 0, 6, 0, 8, 0, 0, 0, 0]","['Table', 'Bed', 'TV Stand', 'Sofa']"
"[12, 8, 2, 3, 2, 3, 2, 2, 1, 2, 1, 1, 1, 1]","[0, 0, 0, 3, 0, 6, 2, 0, 2, 2, 2, 3]","['Sofa', 'Lamp', 'Table', 'Bed', 'Chair', 'Dresser']"
"[12, 12, 3, 2, 2, 2, 3, 1, 3, 1, 1, 2, 1, 1]","[0, 0, 3, 0, 5, 0, 8, 0, 11, 0, 5, 1]","['Bookshelf', 'Desk', 'Sofa', 'TV Stand', 'Lamp', 'Table']"
"[10, 11, 3, 2, 2, 1, 1, 1, 1, 1, 0, 0, 0, 0]","[0, 0, 3, 0, 5, 0, 6, 0, 0, 0, 0, 0]","['Dresser', 'Lamp', 'Chair', 'Bed']"
"[12, 12, 2, 3, 1, 2, 1, 1, 0, 0, 0, 0, 0, 0]","[0, 0, 0, 3, 0, 5, 0, 0, 0, 0, 0, 0]","['Dresser', 'Sofa', 'Chair']"
"[8, 10, 3, 2, 2, 2, 2, 2, 1, 2, 0, 0, 0, 0]","[0, 0, 3, 0, 5, 0, 7, 0, 0, 0, 0, 0]","['Wardrobe', 'Sofa', 'Dresser', 'Table']"
"[8, 9, 3, 2, 2, 2, 2, 2, 1, 3, 1, 3, 1, 1]","[0, 0, 3, 0, 5, 0, 7, 0, 0, 3, 0, 2]","['Lamp', 'TV Stand', 'Table', 'Bookshelf', 'Wardrobe', 'Bed']"
"[11, 11, 2, 2, 3, 1, 2, 1, 2, 1, 1, 1, 0, 0]","[0, 0, 2, 0, 5, 0, 7, 0, 9, 0, 0, 0]","['Chair', 'TV Stand', 'Table', 'Desk', 'Dresser']"
"[8, 10, 2, 2, 2, 2, 2, 1, 1, 1, 0, 0, 0, 0]","[0, 0, 2, 0, 4, 0, 6, 0, 0, 0, 0, 0]","['Chair', 'Table', 'Desk', 'Wardrobe']"
"[9, 12, 3, 2, 2, 2, 3, 1, 1, 2, 0, 0, 0, 0]","[0, 0, 3, 0, 5, 0, 8, 0, 0, 0, 0, 0]","['TV Stand', 'Table', 'Dresser', 'Sofa']"
"[9, 8, 2, 3, 2, 2, 1, 3, 1, 2, 1, 1, 1, 1]","[0, 0, 0, 3, 0, 5, 1, 5, 1, 7, 2, 0]","['Bookshelf', 'Table', 'Bed', 'Desk', 'Chair', 'Lamp']"
"[11, 9, 2, 3, 2, 2, 2, 2, 1, 2, 1, 1, 0, 0]","[0, 0, 0, 3, 0, 5, 0, 7, 1, 7, 0, 0]","['Lamp', 'Table', 'Desk', 'Wardrobe', 'Sofa']"
"[12, 9, 2, 3, 2, 3, 1, 3, 1, 2, 2, 1, 1, 1]","[0, 0, 0, 3, 0, 6, 1, 6, 1, 8, 2, 0]","['Chair', 'Bed', 'Desk', 'Dresser', 'TV Stand', 'Sofa']"
"[12, 9, 2, 3, 2, 2, 1, 3, 2, 1, 1, 2, 1, 1]","[0, 0, 0, 3, 0, 5, 0, 8, 1, 5, 1, 7]","['Dresser', 'Bookshelf', 'Bed', 'Desk', 'Lamp', 'Table']"
"[10, 8, 2, 3, 1, 2, 1, 1, 0, 0, 0, 0, 0, 0]","[0, 0, 0, 3, 0, 5, 0, 0, 0, 0, 0, 0]","['Desk', 'Lamp', 'Bed']"
"[12, 10, 2, 3, 2, 2, 1, 2, 1, 2, 1, 1, 1, 1]","[0, 0, 0, 3, 0, 5, 0, 7, 0, 9, 1, 5]","['Wardrobe', 'Chair', 'Sofa', 'Dresser', 'Desk', 'Lamp']"
"[12, 10, 2, 3, 2, 2, 2, 2, 1, 3, 1, 3, 1, 1]","[0, 0, 0, 3, 0, 5, 0, 7, 1, 7, 2, 0]","['Table', 'Sofa', 'Wardrobe', 'Lamp', 'Bookshelf', 'TV Stand']"
"[12, 9, 2, 2, 2, 2, 1, 3, 3, 1, 2, 1, 2, 1]","[0, 0, 0, 2, 0, 4, 0, 7, 0, 8, 2, 8]","['TV Stand', 'Table', 'Wardrobe', 'Dresser', 'Desk', 'Bookshelf']"
"[11, 8, 2, 3, 2, 2, 1, 3, 0, 0, 0, 0, 0, 0]","[0, 0, 0, 3, 0, 5, 0, 0, 0, 0, 0, 0]","['Sofa', 'Wardrobe', 'Bookshelf']"
"[10, 8, 2, 3, 2, 2, 1, 3, 1, 2, 1, 1, 0, 0]","[0, 0, 0, 3, 0, 5, 1, 5, 1, 7, 0, 0]","['TV Stand', 'Table', 'Dresser', 'Chair', 'Bed']"
"[11, 9, 1, 3, 1, 2, 1, 1, 0, 0, 0, 0, 0, 0]","[0, 0, 0, 3, 0, 5, 0, 0, 0, 0, 0, 0]","['Lamp', 'Desk', 'Bookshelf']"
"[9, 12, 3, 1, 2, 1, 1, 1, 0, 0, 0, 0, 0, 0]","[0, 0, 3, 0, 5, 0, 0, 0, 0, 0, 0, 0]","['Lamp', 'TV Stand', 'Desk']"
"[12, 12, 3, 2, 3, 1, 2, 1, 0, 0, 0, 0, 0, 0]","[0, 0, 3, 0, 6, 0, 0, 0, 0, 0, 0, 0]","['Bed', 'TV Stand', 'Desk']"
"[8, 8, 2, 3, 2, 2, 1, 3, 1, 2, 1, 1, 0, 0]","[0, 0, 0, 3, 0, 5, 1, 5, 1, 7, 0, 0]","['Bed', 'TV Stand', 'Chair', 'Table', 'Dresser']"
"[12, 11, 2, 3, 1, 3, 1, 3, 1, 2, 0, 0, 0, 0]","[0, 0, 0, 3, 0, 6, 0, 9, 0, 0, 0, 0]","['Bookshelf', 'Bed', 'Desk', 'TV Stand']"
"[9, 9, 2, 3, 1, 3, 1, 2, 1, 1, 0, 0, 0, 0]","[0, 0, 0, 3, 0, 6, 0, 8, 0, 0, 0, 0]","['Bookshelf', 'Lamp', 'Dresser', 'Bed']"
"[12, 10, 2, 3, 2, 2, 1, 3, 1, 2, 1, 2, 0, 0]","[0, 0, 0, 3, 0, 5, 0, 8, 1, 5, 0, 0]","['Dresser', 'Bed', 'Bookshelf', 'Desk', 'Table']"
"[8, 8, 2, 3, 2, 2, 1, 2, 2, 1, 1, 1, 0, 0]","[0, 0, 0, 3, 0, 5, 0, 7, 1, 5, 0, 0]","['Wardrobe', 'Dresser', 'Sofa', 'Lamp', 'Desk']"
"[10, 11, 2, 2, 2, 1, 1, 1, 0, 0, 0, 0, 0, 0]","[0, 0, 2, 0, 4, 0, 0, 0, 0, 0, 0, 0]","['Wardrobe', 'Lamp', 'Dresser']"
"[11, 9, 2, 3, 1, 3, 1, 2, 0, 0, 0, 0, 0, 0]","[0, 0, 0, 3, 0, 6, 0, 0, 0, 0, 0, 0]","['Bookshelf', 'Sofa', 'Dresser']"
"[9, 10, 3, 2, 2, 2, 3, 1, 1, 2, 2, 1, 1, 1]","[0, 0, 3, 0, 5, 0, 8, 0, 5, 1, 7, 1]","['Desk', 'Sofa', 'Bookshelf', 'Table', 'Lamp', 'Dresser']"
"[12, 10, 2, 3, 2, 3, 2, 2, 2, 2, 3, 1, 1, 1]","[0, 0, 0, 3, 0, 6, 0, 8, 2, 0, 5, 0]","['Sofa', 'Bed', 'TV Stand', 'Chair', 'Table', 'Wardrobe']"
"[9, 12, 3, 1, 3, 1, 2, 1, 1, 1, 0, 0, 0, 0]","[0, 0, 3, 0, 6, 0, 8, 0, 0, 0, 0, 0]","['Desk', 'Bookshelf', 'Lamp', 'TV Stand']"
"[11, 10, 1, 3, 1, 3, 1, 2, 1, 1, 0, 0, 0, 0]","[0, 0, 0, 3, 0, 6, 0, 8, 0, 0, 0, 0]","['Chair', 'TV Stand', 'Bookshelf', 'Desk']"
"[9, 12, 2, 2, 2, 2, 2, 1, 2, 1, 1, 1, 1, 1]","[0, 0, 2, 0, 4, 0, 6, 0, 8, 0, 4, 1]","['Lamp', 'Desk', 'Table', 'Dresser', 'Chair', 'Wardrobe']"
"[12, 11, 1, 3, 1, 2, 1, 1, 0, 0, 0, 0, 0, 0]","[0, 0, 0, 3, 0, 5, 0, 0, 0, 0, 0, 0]","['TV Stand', 'Dresser', 'Chair']"
"[10, 12, 2, 2, 3, 1, 1, 1, 0, 0, 0, 0, 0, 0]","[0, 0, 2, 0, 5, 0, 0, 0, 0, 0, 0, 0]","['Bookshelf', 'Chair', 'Table']"
"[8, 9, 3, 2, 2, 2, 3, 1, 2, 1, 1, 1, 1, 1]","[0, 0, 3, 0, 5, 0, 5, 1, 7, 1, 0, 2]","['Wardrobe', 'Lamp', 'Sofa', 'TV Stand', 'Chair', 'Desk']"
"[12, 8, 2, 2, 1, 2, 1, 2, 1, 1, 0, 0, 0, 0]","[0, 0, 0, 2, 0, 4, 0, 6, 0, 0, 0, 0]","['Desk', 'Wardrobe', 'Chair', 'Dresser']"
"[9, 8, 2, 3, 2, 2, 1, 3, 1, 2, 0, 0, 0, 0]","[0, 0, 0, 3, 0, 5, 1, 5, 0, 0, 0, 0]","['Sofa', 'Dresser', 'TV Stand', 'Table']"
"[10, 8, 2, 3, 2, 2, 1, 2, 2, 1, 0, 0, 0, 0]","[0, 0, 0, 3, 0, 5, 0, 7, 0, 0, 0, 0]","['Dresser', 'Wardrobe', 'Bed', 'Desk']"
"[10, 10, 2, 2, 1, 3, 1, 3, 0, 0, 0, 0, 0, 0]","[0, 0, 0, 2, 0, 5, 0, 0, 0, 0, 0, 0]","['TV Stand', 'Bookshelf', 'Wardrobe']"
"[10, 12, 3, 2, 3, 1, 2, 1, 0, 0, 0, 0, 0, 0]","[0, 0, 3, 0, 6, 0, 0, 0, 0, 0, 0, 0]","['TV Stand', 'Sofa', 'Desk']"
"[8, 8, 3, 2, 2, 2, 3, 1, 3, 1, 0, 0, 0, 0]","[0, 0, 3, 0, 5, 0, 5, 1, 0, 0, 0, 0]","['Bookshelf', 'Sofa', 'TV Stand', 'Wardrobe']"
"[11, 9, 2, 3, 1, 3, 1, 2, 0, 0, 0, 0, 0, 0]","[0, 0, 0, 3, 0, 6, 0, 0, 0, 0, 0, 0]","['Bookshelf', 'Desk', 'Bed']"
"[8, 11, 3, 2, 3, 2, 2, 2, 3, 1, 2, 1, 1, 1]","[0, 0, 3, 0, 6, 0, 0, 2, 3, 2, 5, 2]","['Bed', 'Lamp', 'Sofa', 'Wardrobe', 'Dresser', 'Bookshelf']"
"[8, 10, 2, 2, 2, 2, 3, 1, 1, 2, 2, 1, 0, 0]","[0, 0, 2, 0, 4, 0, 7, 0, 4, 1, 0, 0]","['Desk', 'Bookshelf', 'Table', 'Wardrobe', 'Dresser']"
"[12, 10, 2, 3, 2, 2, 1, 3, 1, 1, 0, 0, 0, 0]","[0, 0, 0, 3, 0, 5, 0, 8, 0, 0, 0, 0]","['Lamp', 'Sofa', 'Table', 'TV Stand']"
"[10, 8, 2, 3, 2, 3, 3, 1, 2, 1, 2, 1, 0, 0]","[0, 0, 0, 3, 0, 6, 0, 7, 2, 7, 0, 0]","['Sofa', 'Bookshelf', 'Desk', 'Dresser', 'Bed']"
"[8, 9, 3, 2, 3, 2, 2, 2, 1, 3, 1, 3, 2, 1]","[0, 0, 3, 0, 6, 0, 0, 2, 0, 5, 0, 8]","['Bed', 'TV Stand', 'Wardrobe', 'Sofa', 'Bookshelf', 'Desk']"
"[8, 12, 3, 2, 2, 2, 3, 1, 2, 1, 1, 1, 1, 1]","[0, 0, 3, 0, 5, 0, 5, 1, 7, 1, 0, 2]","['Table', 'Bookshelf', 'Desk', 'Sofa', 'Lamp', 'Chair']"
"[9, 11, 3, 2, 3, 1, 1, 1, 0, 0, 0, 0, 0, 0]","[0, 0, 3, 0, 6, 0, 0, 0, 0, 0, 0, 0]","['Bed', 'Bookshelf', 'Chair']"
"[11, 12, 2, 2, 2, 1, 1, 1, 1, 1, 0, 0, 0, 0]","[0, 0, 2, 0, 4, 0, 5, 0, 0, 0, 0, 0]","['Chair', 'Dresser', 'Wardrobe', 'Lamp']"
"[9, 10, 3, 2, 3, 2, 1, 1, 0, 0, 0, 0, 0, 0]","[0, 0, 3, 0, 6, 0, 0, 0, 0, 0, 0, 0]","['Lamp', 'Sofa', 'Bed']"
"[8, 9, 3, 2, 2, 1, 2, 1, 1, 1, 0, 0, 0, 0]","[0, 0, 3, 0, 5, 0, 7, 0, 0, 0, 0, 0]","['Lamp', 'Desk', 'Dresser', 'Sofa']"
"[12, 9, 2, 3, 1, 2, 1, 2, 1, 1, 0, 0, 0, 0]","[0, 0, 0, 3, 0, 5, 0, 7, 0, 0, 0, 0]","['Bed', 'Dresser', 'Chair', 'Desk']"
"[10, 12, 3, 2, 3, 1, 1, 1, 0, 0, 0, 0, 0, 0]","[0, 0, 3, 0, 6, 0, 0, 0, 0, 0, 0, 0]","['Lamp', 'Sofa', 'TV Stand']"
"[12, 12, 2, 2, 1, 3, 1, 2, 1, 1, 0, 0, 0, 0]","[0, 0, 0, 2, 0, 5, 0, 7, 0, 0, 0, 0]","['Chair', 'Table', 'Bookshelf', 'Desk']"
"[10, 11, 3, 2, 3, 2, 2, 2, 1, 3, 1, 2, 1, 1]","[0, 0, 3, 0, 6, 0, 8, 0, 9, 0, 9, 2]","['Wardrobe', 'Bookshelf', 'Dresser', 'Sofa', 'Lamp', 'Bed']"
"[8, 12, 2, 2, 2, 1, 1, 1, 0, 0, 0, 0, 0, 0]","[0, 0, 2, 0, 4, 0, 0, 0, 0, 0, 0, 0]","['Wardrobe', 'Dresser', 'Chair']"
"[8, 8, 2, 2, 2, 2, 3, 1, 1, 2, 1, 1, 1, 1]","[0, 0, 2, 0, 4, 0, 7, 0, 4, 1, 5, 1]","['Bookshelf', 'Dresser', 'Table', 'Lamp', 'Wardrobe', 'Chair']"
"[9, 12, 2, 2, 2, 2, 3, 1, 1, 3, 1, 1, 0, 0]","[0, 0, 2, 0, 4, 0, 7, 0, 8, 0, 0, 0]","['Bookshelf', 'Table', 'Lamp', 'TV Stand', 'Wardrobe']"
"[12, 10, 2, 3, 2, 3, 1, 3, 2, 1, 0, 0, 0, 0]","[0, 0, 0, 3, 0, 6, 0, 9, 0, 0, 0, 0]","['Sofa', 'Bookshelf', 'Bed', 'Desk']"
"[11, 11, 3, 2, 2, 2, 3, 1, 2, 1, 1, 1, 0, 0]","[0, 0, 3, 0, 5, 0, 8, 0, 10, 0, 0, 0]","['Table', 'Lamp', 'Desk', 'TV Stand', 'Sofa']"
"[9, 12, 3, 2, 3, 2, 3, 1, 3, 1, 2, 1, 1, 1]","[0, 0, 3, 0, 6, 0, 6, 1, 0, 2, 2, 2]","['Bed', 'Bookshelf', 'Chair', 'Desk', 'TV Stand', 'Sofa']"
"[10, 11, 3, 2, 3, 1, 2, 1, 0, 0, 0, 0, 0, 0]","[0, 0, 3, 0, 6, 0, 0, 0, 0, 0, 0, 0]","['Bookshelf', 'Desk', 'Bed']"
"[10, 8, 2, 3, 2, 2, 2, 2, 2, 1, 1, 1, 0, 0]","[0, 0, 0, 3, 0, 5, 0, 7, 2, 0, 0, 0]","['Dresser', 'Lamp', 'Wardrobe', 'Sofa', 'Table']"
"[9, 12, 3, 2, 2, 1, 1, 1, 1, 1, 0, 0, 0, 0]","[0, 0, 3, 0, 5, 0, 6, 0, 0, 0, 0, 0]","['Chair', 'Sofa', 'Desk', 'Lamp']"
"[8, 12, 3, 2, 2, 2, 2, 2, 1, 2, 1, 1, 1, 1]","[0, 0, 3, 0, 5, 0, 7, 0, 0, 2, 1, 2]","['Table', 'Wardrobe', 'Lamp', 'Chair', 'Dresser', 'Sofa']"
"[8, 8, 3, 1, 3, 1, 1, 1, 0, 0, 0, 0, 0, 0]","[0, 0, 3, 0, 6, 0, 0, 0, 0, 0, 0, 0]","['TV Stand', 'Bookshelf', 'Chair']"
"[11, 11, 2, 3, 2, 2, 1, 2, 1, 2, 1, 1, 0, 0]","[0, 0, 0, 3, 0, 5, 0, 7, 0, 9, 0, 0]","['Dresser', 'Bed', 'Chair', 'Desk', 'Wardrobe']"
"[11, 12, 2, 2, 3, 1, 3, 1, 1, 1, 1, 1, 0, 0]","[0, 0, 2, 0, 5, 0, 8, 0, 9, 0, 0, 0]","['Chair', 'TV Stand', 'Lamp', 'Wardrobe', 'Bookshelf']"
"[12, 11, 2, 3, 2, 3, 1, 3, 1, 2, 1, 1, 0, 0]","[0, 0, 0, 3, 0, 6, 0, 9, 1, 6, 0, 0]","['Sofa', 'Desk', 'Lamp', 'Bed', 'Bookshelf']"
"[9, 12, 3, 2, 2, 2, 2, 2, 2, 1, 0, 0, 0, 0]","[0, 0, 3, 0, 5, 0, 7, 0, 0, 0, 0, 0]","['Sofa', 'Desk', 'Wardrobe', 'Table']"
"[12, 9, 2, 2, 1, 3, 1, 1, 0, 0, 0, 0, 0, 0]","[0, 0, 0, 2, 0, 5, 0, 0, 0, 0, 0, 0]","['Wardrobe', 'Bookshelf', 'Lamp']"
"[8, 11, 2, 2, 3, 1, 2, 1, 0, 0, 0, 0, 0, 0]","[0, 0, 2, 0, 5, 0, 0, 0, 0, 0, 0, 0]","['Wardrobe', 'Dresser', 'TV Stand']"
"[10, 12, 3, 2, 2, 2, 1, 1, 0, 0, 0, 0, 0, 0]","[0, 0, 3, 0, 5, 0, 0, 0, 0, 0, 0, 0]","['Wardrobe', 'Bed', 'Lamp']"
"[8, 10, 3, 2, 3, 2, 2, 2, 2, 2, 2, 1, 2, 1]","[0, 0, 3, 0, 6, 0, 0, 2, 2, 2, 4, 2]","['Dresser', 'Sofa', 'Desk', 'Bed', 'Wardrobe', 'Table']"
"[8, 12, 3, 2, 3, 1, 1, 1, 0, 0, 0, 0, 0, 0]","[0, 0, 3, 0, 6, 0, 0, 0, 0, 0, 0, 0]","['TV Stand', 'Lamp', 'Sofa']"
"[9, 9, 2, 3, 1, 3, 1, 3, 1, 1, 1, 1, 0, 0]","[0, 0, 0, 3, 0, 6, 1, 3, 1, 4, 0, 0]","['Bed', 'TV Stand', 'Bookshelf', 'Lamp', 'Chair']"
"[12, 12, 2, 3, 2, 2, 2, 2, 1, 2, 1, 1, 1, 1]","[0, 0, 0, 3, 0, 5, 0, 7, 0, 9, 0, 10]","['Sofa', 'Lamp', 'Dresser', 'Wardrobe', 'Table', 'Chair']"
"[8, 10, 3, 2, 2, 2, 3, 1, 3, 1, 1, 2, 1, 2]","[0, 0, 3, 0, 5, 0, 5, 1, 0, 2, 0, 4]","['Bookshelf', 'Table', 'Desk', 'Bed', 'TV Stand', 'Dresser']"
"[9, 11, 3, 2, 2, 2, 2, 2, 1, 3, 1, 1, 0, 0]","[0, 0, 3, 0, 5, 0, 7, 0, 8, 0, 0, 0]","['Bed', 'Chair', 'Table', 'Bookshelf', 'Wardrobe']"
"[9, 8, 1, 3, 1, 2, 1, 2, 1, 1, 0, 0, 0, 0]","[0, 0, 0, 3, 0, 5, 0, 7, 0, 0, 0, 0]","['Bookshelf', 'Lamp', 'Dresser', 'Desk']"
"[9, 10, 3, 2, 2, 2, 2, 2, 0, 0, 0, 0, 0, 0]","[0, 0, 3, 0, 5, 0, 0, 0, 0, 0, 0, 0]","['Table', 'Wardrobe', 'Sofa']"
"[11, 12, 3, 2, 2, 2, 3, 1, 2, 1, 1, 1, 1, 1]","[0, 0, 3, 0, 5, 0, 8, 0, 10, 0, 5, 1]","['Chair', 'Bookshelf', 'Sofa', 'Table', 'Lamp', 'Desk']"
"[10, 9, 2, 3, 2, 2, 2, 2, 1, 2, 1, 1, 1, 1]","[0, 0, 0, 3, 0, 5, 0, 7, 1, 7, 1, 8]","['Lamp', 'Wardrobe', 'Chair', 'Table', 'Sofa', 'Desk']"
"[12, 12, 2, 3, 2, 3, 2, 2, 0, 0, 0, 0, 0, 0]","[0, 0, 0, 3, 0, 6, 0, 0, 0, 0, 0, 0]","['Wardrobe', 'Sofa', 'Bed']"
"[9, 12, 3, 2, 2, 2, 2, 2, 1, 3, 1, 3, 2, 1]","[0, 0, 3, 0, 5, 0, 7, 0, 8, 0, 0, 2]","['Wardrobe', 'Bookshelf', 'Table', 'Desk', 'Bed', 'TV Stand']"
"[8, 8, 1, 3, 1, 2, 1, 2, 1, 1, 1, 1, 0, 0]","[0, 0, 0, 3, 0, 5, 0, 7, 1, 0, 0, 0]","['Desk', 'Dresser', 'Lamp', 'Chair', 'Bookshelf']"
"[8, 9, 2, 2, 2, 2, 3, 1, 1, 1, 0, 0, 0, 0]","[0, 0, 2, 0, 4, 0, 7, 0, 0, 0, 0, 0]","['Bookshelf', 'Wardrobe', 'Lamp', 'Table']"
"[8, 11, 3, 2, 2, 1, 2, 1, 1, 1, 1, 1, 0, 0]","[0, 0, 3, 0, 5, 0, 7, 0, 3, 1, 0, 0]","['Chair', 'Bed', 'Dresser', 'Lamp', 'Desk']"
"[11, 11, 3, 2, 3, 2, 2, 2, 0, 0, 0, 0, 0, 0]","[0, 0, 3, 0, 6, 0, 0, 0, 0, 0, 0, 0]","['Sofa', 'Bed', 'Table']"
"[11, 12, 3, 2, 2, 2, 3, 1, 2, 1, 0, 0, 0, 0]","[0, 0, 3, 0, 5, 0, 8, 0, 0, 0, 0, 0]","['Bookshelf', 'Bed', 'Dresser', 'Table']"
"[12, 8, 2, 3, 1, 3, 3, 1, 1, 1, 1, 1, 0, 0]","[0, 0, 0, 3, 0, 6, 0, 7, 1, 7, 0, 0]","['Bookshelf', 'Bed', 'TV Stand', 'Chair', 'Lamp']"
"[10, 12, 3, 2, 2, 1, 2, 1, 1, 1, 0, 0, 0, 0]","[0, 0, 3, 0, 5, 0, 7, 0, 0, 0, 0, 0]","['Desk', 'Lamp', 'Dresser', 'Bed']"
"[10, 9, 2, 3, 1, 3, 1, 3, 1, 2, 1, 1, 0, 0]","[0, 0, 0, 3, 0, 6, 1, 3, 1, 5, 0, 0]","['Desk', 'Sofa', 'TV Stand', 'Lamp', 'Bookshelf']"
"[8, 10, 2, 2, 3, 1, 2, 1, 1, 1, 0, 0, 0, 0]","[0, 0, 2, 0, 5, 0, 7, 0, 0, 0, 0, 0]","['Wardrobe', 'Chair', 'Bookshelf', 'Desk']"
"[9, 9, 3, 1, 2, 1, 1, 1, 0, 0, 0, 0, 0, 0]","[0, 0, 3, 0, 5, 0, 0, 0, 0, 0, 0, 0]","['Lamp', 'Bookshelf', 'Dresser']"
"[12, 10, 2, 2, 1, 1, 1, 1, 0, 0, 0, 0, 0, 0]","[0, 0, 0, 2, 0, 3, 0, 0, 0, 0, 0, 0]","['Chair', 'Wardrobe', 'Lamp']"
"[8, 11, 2, 2, 3, 1, 3, 1, 2, 1, 1, 1, 1, 1]","[0, 0, 2, 0, 5, 0, 2, 1, 4, 1, 5, 1]","['Lamp', 'Chair', 'Bookshelf', 'Desk', 'TV Stand', 'Table']"
"[9, 11, 3, 2, 2, 2, 2, 2, 2, 1, 1, 1, 0, 0]","[0, 0, 3, 0, 5, 0, 7, 0, 7, 1, 0, 0]","['Sofa', 'Wardrobe', 'Table', 'Chair', 'Desk']"
"[9, 11, 3, 2, 3, 2, 2, 2, 1, 1, 1, 1, 0, 0]","[0, 0, 3, 0, 6, 0, 8, 0, 8, 1, 0, 0]","['Table', 'Sofa', 'Bed', 'Chair', 'Lamp']"
"[12, 9, 2, 3, 1, 3, 1, 2, 1, 1, 0, 0, 0, 0]","[0, 0, 0, 3, 0, 6, 0, 8, 0, 0, 0, 0]","['Bookshelf', 'Dresser', 'Sofa', 'Chair']"
"[9, 8, 2, 3, 1, 3, 1, 2, 1, 1, 0, 0, 0, 0]","[0, 0, 0, 3, 0, 6, 1, 3, 0, 0, 0, 0]","['Chair', 'Bed', 'Desk', 'TV Stand']"
"[11, 11, 1, 3, 1, 2, 1, 2, 1, 1, 0, 0, 0, 0]","[0, 0, 0, 3, 0, 5, 0, 7, 0, 0, 0, 0]","['Dresser', 'Chair', 'Bookshelf', 'Desk']"
"[8, 12, 3, 2, 2, 2, 2, 1, 1, 1, 1, 1, 0, 0]","[0, 0, 3, 0, 5, 0, 7, 0, 5, 1, 0, 0]","['Lamp', 'Wardrobe', 'Chair', 'Bed', 'Dresser']"
"[11, 11, 3, 2, 3, 2, 2, 2, 2, 2, 1, 2, 0, 0]","[0, 0, 3, 0, 6, 0, 8, 0, 10, 0, 0, 0]","['Sofa', 'Bed', 'Table', 'Wardrobe', 'Dresser']"
"[10, 11, 3, 2, 2, 2, 3, 1, 1, 3, 1, 2, 1, 1]","[0, 0, 3, 0, 5, 0, 8, 0, 9, 0, 9, 2]","['TV Stand', 'Wardrobe', 'Bookshelf', 'Desk', 'Bed', 'Chair']"
"[12, 8, 2, 2, 1, 3, 1, 3, 1, 2, 1, 2, 0, 0]","[0, 0, 0, 2, 0, 5, 1, 2, 1, 4, 0, 0]","['TV Stand', 'Bookshelf', 'Desk', 'Dresser', 'Wardrobe']"
"[10, 11, 3, 2, 3, 2, 2, 1, 0, 0, 0, 0, 0, 0]","[0, 0, 3, 0, 6, 0, 0, 0, 0, 0, 0, 0]","['Desk', 'Sofa', 'Bed']"
"[10, 12, 2, 2, 3, 1, 2, 1, 0, 0, 0, 0, 0, 0]","[0, 0, 2, 0, 5, 0, 0, 0, 0, 0, 0, 0]","['Wardrobe', 'Dresser', 'Bookshelf']"
"[12, 8, 2, 3, 2, 3, 2, 2, 2, 2, 1, 1, 0, 0]","[0, 0, 0, 3, 0, 6, 2, 0, 2, 2, 0, 0]","['Chair', 'Wardrobe', 'Sofa', 'Bed', 'Table']"
"[8, 11, 3, 2, 2, 2, 3, 1, 1, 1, 0, 0, 0, 0]","[0, 0, 3, 0, 5, 0, 5, 1, 0, 0, 0, 0]","['Table', 'Bed', 'Chair', 'TV Stand']"
"[10, 10, 2, 3, 1, 3, 1, 2, 0, 0, 0, 0, 0, 0]","[0, 0, 0, 3, 0, 6, 0, 0, 0, 0, 0, 0]","['Bookshelf', 'Bed', 'Dresser']"
"[10, 8, 2, 2, 1, 3, 1, 2, 1, 1, 0, 0, 0, 0]","[0, 0, 0, 2, 0, 5, 0, 7, 0, 0, 0, 0]","['Chair', 'Bookshelf', 'Desk', 'Wardrobe']"
"[12, 10, 2, 3, 2, 2, 2, 2, 1, 3, 1, 3, 1, 1]","[0, 0, 0, 3, 0, 5, 0, 7, 1, 7, 2, 0]","['Bookshelf', 'TV Stand', 'Wardrobe', 'Lamp', 'Sofa', 'Table']"
"[8, 12, 3, 2, 2, 1, 1, 1, 0, 0, 0, 0, 0, 0]","[0, 0, 3, 0, 5, 0, 0, 0, 0, 0, 0, 0]","['Chair', 'Bed', 'Desk']"
"[8, 12, 3, 2, 3, 1, 2, 1, 2, 1, 1, 1, 0, 0]","[0, 0, 3, 0, 6, 0, 3, 1, 5, 1, 0, 0]","['Desk', 'Bed', 'Chair', 'TV Stand', 'Dresser']"
"[11, 12, 3, 2, 3, 2, 2, 2, 3, 1, 3, 1, 1, 1]","[0, 0, 3, 0, 6, 0, 8, 0, 8, 1, 0, 2]","['TV Stand', 'Sofa', 'Table', 'Bed', 'Lamp', 'Bookshelf']"
"[11, 9, 2, 3, 1, 3, 1, 1, 0, 0, 0, 0, 0, 0]","[0, 0, 0, 3, 0, 6, 0, 0, 0, 0, 0, 0]","['Chair', 'Bookshelf', 'Bed']"
"[11, 10, 2, 3, 2, 2, 2, 2, 1, 3, 1, 3, 2, 1]","[0, 0, 0, 3, 0, 5, 0, 7, 1, 7, 2, 0]","['Desk', 'TV Stand', 'Sofa', 'Bookshelf', 'Wardrobe', 'Table']"
"[12, 10, 2, 3, 2, 3, 2, 2, 2, 2, 3, 1, 2, 1]","[0, 0, 0, 3, 0, 6, 0, 8, 2, 0, 5, 0]","['TV Stand', 'Sofa', 'Table', 'Desk', 'Wardrobe', 'Bed']"
"[12, 12, 2, 3, 2, 3, 2, 2, 1, 3, 2, 1, 1, 1]","[0, 0, 0, 3, 0, 6, 0, 8, 0, 11, 1, 8]","['Bed', 'Lamp', 'Table', 'Sofa', 'TV Stand', 'Dresser']"
"[12, 12, 2, 3, 2, 3, 1, 3, 1, 3, 1, 2, 1, 1]","[0, 0, 0, 3, 0, 6, 0, 9, 1, 6, 1, 8]","['Bookshelf', 'Bed', 'Sofa', 'Chair', 'TV Stand', 'Dresser']"
"[10, 9, 2, 3, 2, 2, 2, 2, 3, 1, 3, 1, 1, 1]","[0, 0, 0, 3, 0, 5, 0, 7, 0, 8, 3, 0]","['Table', 'Bed', 'Bookshelf', 'TV Stand', 'Wardrobe', 'Chair']"
"[9, 11, 2, 2, 3, 1, 1, 1, 0, 0, 0, 0, 0, 0]","[0, 0, 2, 0, 5, 0, 0, 0, 0, 0, 0, 0]","['Bookshelf', 'Lamp', 'Table']"
"[12, 11, 2, 3, 2, 3, 1, 3, 1, 2, 1, 1, 1, 1]","[0, 0, 0, 3, 0, 6, 0, 9, 1, 6, 1, 7]","['Sofa', 'Bed', 'Lamp', 'Chair', 'Desk', 'TV Stand']"
"[10, 11, 2, 2, 2, 2, 3, 1, 2, 1, 1, 1, 0, 0]","[0, 0, 2, 0, 4, 0, 7, 0, 9, 0, 0, 0]","['Bookshelf', 'Lamp', 'Table', 'Desk', 'Wardrobe']"
"[11, 8, 2, 3, 2, 3, 2, 2, 1, 3, 1, 2, 1, 1]","[0, 0, 0, 3, 0, 6, 2, 0, 2, 3, 2, 5]","['Table', 'Sofa', 'Bed', 'Lamp', 'Desk', 'Bookshelf']"
"[12, 11, 2, 2, 2, 2, 1, 3, 1, 2, 1, 2, 1, 1]","[0, 0, 0, 2, 0, 4, 0, 7, 0, 9, 1, 4]","['Desk', 'Chair', 'Bookshelf', 'Wardrobe', 'Table', 'Dresser']"
"[8, 9, 3, 1, 2, 1, 1, 1, 0, 0, 0, 0, 0, 0]","[0, 0, 3, 0, 5, 0, 0, 0, 0, 0, 0, 0]","['Chair', 'Dresser', 'TV Stand']"
"[10, 8, 2, 2, 2, 2, 1, 3, 0, 0, 0, 0, 0, 0]","[0, 0, 0, 2, 0, 4, 0, 0, 0, 0, 0, 0]","['TV Stand', 'Table', 'Wardrobe']"
"[10, 10, 2, 3, 2, 2, 1, 3, 1, 1, 0, 0, 0, 0]","[0, 0, 0, 3, 0, 5, 0, 8, 0, 0, 0, 0]","['Wardrobe', 'Chair', 'TV Stand', 'Bed']"
"[8, 8, 3, 2, 2, 1, 1, 1, 0, 0, 0, 0, 0, 0]","[0, 0, 3, 0, 5, 0, 0, 0, 0, 0, 0, 0]","['Desk', 'Chair', 'Sofa']"
"[11, 8, 2, 3, 1, 3, 1, 2, 1, 1, 0, 0, 0, 0]","[0, 0, 0, 3, 0, 6, 1, 3, 0, 0, 0, 0]","['Desk', 'Lamp', 'Bed', 'TV Stand']"
"[10, 9, 2, 3, 2, 2, 1, 3, 3, 1, 1, 2, 1, 1]","[0, 0, 0, 3, 0, 5, 0, 8, 1, 5, 1, 7]","['Lamp', 'TV Stand', 'Desk', 'Table', 'Sofa', 'Bookshelf']"
"[12, 11, 2, 3, 2, 3, 2, 2, 1, 3, 1, 1, 1, 1]","[0, 0, 0, 3, 0, 6, 0, 8, 1, 8, 1, 9]","['Bed', 'Wardrobe', 'Chair', 'Lamp', 'TV Stand', 'Sofa']"
"[11, 11, 2, 2, 2, 2, 2, 1, 0, 0, 0, 0, 0, 0]","[0, 0, 2, 0, 4, 0, 0, 0, 0, 0, 0, 0]","['Wardrobe', 'Table', 'Dresser']"
"[10, 9, 2, 3, 2, 2, 2, 2, 3, 1, 2, 1, 1, 1]","[0, 0, 0, 3, 0, 5, 0, 7, 0, 8, 2, 8]","['Sofa', 'TV Stand', 'Wardrobe', 'Dresser', 'Chair', 'Table']"
"[9, 8, 2, 3, 2, 3, 3, 1, 3, 1, 2, 1, 0, 0]","[0, 0, 0, 3, 0, 6, 0, 7, 3, 0, 0, 0]","['TV Stand', 'Dresser', 'Bookshelf', 'Sofa', 'Bed']"
"[9, 11, 2, 2, 3, 1, 2, 1, 1, 1, 0, 0, 0, 0]","[0, 0, 2, 0, 5, 0, 7, 0, 0, 0, 0, 0]","['Chair', 'Wardrobe', 'Desk', 'TV Stand']"
"[9, 8, 2, 3, 2, 2, 1, 2, 2, 1, 1, 1, 0, 0]","[0, 0, 0, 3, 0, 5, 0, 7, 1, 5, 0, 0]","['Dresser', 'Sofa', 'Wardrobe', 'Desk', 'Chair']"
"[11, 10, 2, 2, 2, 2, 1, 3, 1, 3, 1, 2, 1, 1]","[0, 0, 0, 2, 0, 4, 0, 7, 1, 4, 1, 6]","['TV Stand', 'Bookshelf', 'Chair', 'Dresser', 'Table', 'Wardrobe']"
"[8, 11, 2, 2, 2, 2, 3, 1, 1, 2, 2, 1, 1, 1]","[0, 0, 2, 0, 4, 0, 7, 0, 4, 1, 6, 1]","['Chair', 'Table', 'Desk', 'Dresser', 'TV Stand', 'Wardrobe']"
"[11, 9, 2, 3, 2, 2, 1, 1, 0, 0, 0, 0, 0, 0]","[0, 0, 0, 3, 0, 5, 0, 0, 0, 0, 0, 0]","['Bed', 'Lamp', 'Table']"
"[11, 9, 2, 3, 2, 3, 2, 2, 2, 1, 0, 0, 0, 0]","[0, 0, 0, 3, 0, 6, 0, 8, 0, 0, 0, 0]","['Bed', 'Sofa', 'Desk', 'Wardrobe']"
"[10, 9, 2, 2, 1, 2, 1, 1, 0, 0, 0, 0, 0, 0]","[0, 0, 0, 2, 0, 4, 0, 0, 0, 0, 0, 0]","['Table', 'Lamp', 'Desk']"
"[10, 11, 3, 2, 3, 2, 2, 2, 1, 3, 1, 3, 2, 1]","[0, 0, 3, 0, 6, 0, 8, 0, 9, 0, 0, 2]","['Desk', 'TV Stand', 'Sofa', 'Bed', 'Bookshelf', 'Wardrobe']"
"[8, 8, 2, 3, 2, 2, 1, 3, 1, 3, 1, 1, 1, 1]","[0, 0, 0, 3, 0, 5, 1, 5, 2, 0, 3, 0]","['Lamp', 'Wardrobe', 'Bookshelf', 'Chair', 'TV Stand', 'Bed']"
"[9, 12, 3, 2, 3, 2, 2, 1, 1, 2, 1, 1, 0, 0]","[0, 0, 3, 0, 6, 0, 8, 0, 6, 1, 0, 0]","['Bed', 'Lamp', 'Desk', 'Sofa', 'Dresser']"
"[8, 10, 3, 2, 2, 2, 1, 1, 0, 0, 0, 0, 0, 0]","[0, 0, 3, 0, 5, 0, 0, 0, 0, 0, 0, 0]","['Sofa', 'Table', 'Lamp']"
"[9, 12, 3, 2, 3, 2, 3, 1, 2, 1, 0, 0, 0, 0]","[0, 0, 3, 0, 6, 0, 6, 1, 0, 0, 0, 0]","['Sofa', 'Bed', 'Bookshelf', 'Dresser']"
"[9, 9, 3, 2, 3, 2, 2, 2, 1, 2, 0, 0, 0, 0]","[0, 0, 3, 0, 6, 0, 8, 0, 0, 0, 0, 0]","['Sofa', 'Wardrobe', 'Dresser', 'Bed']"
"[12, 9, 2, 3, 1, 3, 1, 3, 1, 1, 0, 0, 0, 0]","[0, 0, 0, 3, 0, 6, 1, 3, 0, 0, 0, 0]","['Bookshelf', 'Chair', 'Bed', 'TV Stand']"
"[8, 8, 2, 2, 1, 3, 1, 1, 0, 0, 0, 0, 0, 0]","[0, 0, 0, 2, 0, 5, 0, 0, 0, 0, 0, 0]","['Bookshelf', 'Wardrobe', 'Lamp']"
"[10, 12, 2, 2, 3, 1, 2, 1, 1, 1, 0, 0, 0, 0]","[0, 0, 2, 0, 5, 0, 7, 0, 0, 0, 0, 0]","['Desk', 'Wardrobe', 'Chair', 'Bookshelf']"
"[9, 8, 2, 3, 2, 2, 1, 3, 0, 0, 0, 0, 0, 0]","[0, 0, 0, 3, 0, 5, 0, 0, 0, 0, 0, 0]","['TV Stand', 'Sofa', 'Table']"
"[8, 12, 3, 2, 3, 2, 1, 3, 1, 3, 1, 1, 0, 0]","[0, 0, 3, 0, 6, 0, 7, 0, 0, 2, 0, 0]","['Bookshelf', 'Sofa', 'Bed', 'TV Stand', 'Chair']"
"[8, 12, 3, 2, 2, 1, 2, 1, 1, 1, 0, 0, 0, 0]","[0, 0, 3, 0, 5, 0, 7, 0, 0, 0, 0, 0]","['Chair', 'Desk', 'Dresser', 'Bed']"
"[12, 9, 2, 2, 1, 3, 1, 2, 1, 2, 1, 1, 0, 0]","[0, 0, 0, 2, 0, 5, 0, 7, 1, 2, 0, 0]","['TV Stand', 'Lamp', 'Dresser', 'Desk', 'Wardrobe']"
"[11, 12, 2, 2, 3, 1, 1, 1, 0, 0, 0, 0, 0, 0]","[0, 0, 2, 0, 5, 0, 0, 0, 0, 0, 0, 0]","['Chair', 'Table', 'Bookshelf']"
"[8, 11, 3, 2, 2, 2, 2, 2, 1, 3, 2, 1, 1, 1]","[0, 0, 3, 0, 5, 0, 7, 0, 0, 2, 2, 2]","['Table', 'Chair', 'TV Stand', 'Wardrobe', 'Bed', 'Dresser']"
"[12, 10, 1, 2, 1, 2, 1, 1, 0, 0, 0, 0, 0, 0]","[0, 0, 0, 2, 0, 4, 0, 0, 0, 0, 0, 0]","['Dresser', 'Desk', 'Chair']"
"[10, 9, 2, 2, 2, 2, 1, 1, 0, 0, 0, 0, 0, 0]","[0, 0, 0, 2, 0, 4, 0, 0, 0, 0, 0, 0]","['Table', 'Wardrobe', 'Chair']"
"[9, 12, 3, 2, 2, 2, 3, 1, 1, 2, 2, 1, 1, 1]","[0, 0, 3, 0, 5, 0, 8, 0, 5, 1, 7, 1]","['Desk', 'TV Stand', 'Lamp', 'Bed', 'Dresser', 'Table']"
"[12, 11, 2, 3, 2, 2, 1, 2, 1, 2, 0, 0, 0, 0]","[0, 0, 0, 3, 0, 5, 0, 7, 0, 0, 0, 0]","['Desk', 'Wardrobe', 'Sofa', 'Dresser']"
"[10, 9, 2, 3, 1, 2, 1, 1, 0, 0, 0, 0, 0, 0]","[0, 0, 0, 3, 0, 5, 0, 0, 0, 0, 0, 0]","['Desk', 'Lamp', 'Bed']"
"[11, 11, 2, 3, 2, 2, 2, 2, 1, 2, 1, 2, 1, 1]","[0, 0, 0, 3, 0, 5, 0, 7, 0, 9, 1, 7]","['Desk', 'Wardrobe', 'Table', 'Dresser', 'Bed', 'Chair']"
"[9, 8, 2, 3, 1, 3, 1, 2, 1, 2, 0, 0, 0, 0]","[0, 0, 0, 3, 0, 6, 1, 3, 0, 0, 0, 0]","['Dresser', 'Sofa', 'TV Stand', 'Desk']"
"[9, 12, 3, 2, 3, 2, 2, 2, 1, 1, 0, 0, 0, 0]","[0, 0, 3, 0, 6, 0, 8, 0, 0, 0, 0, 0]","['Wardrobe', 'Chair', 'Sofa', 'Bed']"
"[12, 8, 2, 3, 2, 3, 3, 1, 2, 1, 2, 1, 1, 1]","[0, 0, 0, 3, 0, 6, 0, 7, 2, 7, 2, 0]","['Desk', 'Chair', 'TV Stand', 'Bed', 'Dresser', 'Sofa']"
"[8, 9, 3, 2, 2, 2, 1, 1, 0, 0, 0, 0, 0, 0]","[0, 0, 3, 0, 5, 0, 0, 0, 0, 0, 0, 0]","['Sofa', 'Lamp', 'Wardrobe']"
"[12, 11, 2, 3, 1, 3, 1, 2, 1, 1, 0, 0, 0, 0]","[0, 0, 0, 3, 0, 6, 0, 8, 0, 0, 0, 0]","['Lamp', 'Bookshelf', 'Bed', 'Desk']"
"[11, 9, 2, 3, 2, 3, 2, 2, 2, 2, 2, 1, 0, 0]","[0, 0, 0, 3, 0, 6, 2, 0, 0, 8, 0, 0]","['Table', 'Desk', 'Bed', 'Sofa', 'Wardrobe']"
"[9, 10, 3, 2, 3, 2, 2, 2, 1, 2, 1, 1, 1, 1]","[0, 0, 3, 0, 6, 0, 8, 0, 0, 2, 0, 3]","['Wardrobe', 'Dresser', 'Bed', 'Chair', 'Lamp', 'Sofa']"
"[12, 12, 3, 1, 2, 1, 2, 1, 1, 1, 0, 0, 0, 0]","[0, 0, 3, 0, 5, 0, 7, 0, 0, 0, 0, 0]","['Desk', 'TV Stand', 'Dresser', 'Chair']"
"[11, 8, 2, 3, 2, 3, 3, 1, 2, 1, 0, 0, 0, 0]","[0, 0, 0, 3, 0, 6, 0, 7, 0, 0, 0, 0]","['Bed', 'Dresser', 'Sofa', 'TV Stand']"
"[10, 10, 2, 3, 2, 2, 2, 2, 1, 2, 1, 1, 1, 1]","[0, 0, 0, 3, 0, 5, 0, 7, 0, 9, 1, 7]","['Sofa', 'Chair', 'Dresser', 'Wardrobe', 'Lamp', 'Table']"
"[11, 11, 3, 2, 3, 1, 3, 1, 0, 0, 0, 0, 0, 0]","[0, 0, 3, 0, 6, 0, 0, 0, 0, 0, 0, 0]","['Bookshelf', 'Sofa', 'TV Stand']"
"[11, 11, 1, 3, 1, 2, 1, 1, 0, 0, 0, 0, 0, 0]","[0, 0, 0, 3, 0, 5, 0, 0, 0, 0, 0, 0]","['Bookshelf', 'Lamp', 'Dresser']"
"[11, 9, 2, 3, 2, 2, 1, 3, 2, 1, 0, 0, 0, 0]","[0, 0, 0, 3, 0, 5, 0, 8, 0, 0, 0, 0]","['Bed', 'Bookshelf', 'Wardrobe', 'Desk']"
"[12, 9, 2, 2, 1, 3, 1, 3, 2, 1, 1, 2, 0, 0]","[0, 0, 0, 2, 0, 5, 0, 8, 1, 2, 0, 0]","['Dresser', 'TV Stand', 'Desk', 'Wardrobe', 'Bookshelf']"
"[10, 11, 3, 2, 2, 2, 3, 1, 2, 1, 1, 1, 0, 0]","[0, 0, 3, 0, 5, 0, 8, 0, 5, 1, 0, 0]","['Desk', 'Wardrobe', 'Chair', 'Bookshelf', 'Sofa']"
"[10, 10, 3, 2, 2, 2, 3, 1, 2, 1, 1, 1, 1, 1]","[0, 0, 3, 0, 5, 0, 8, 0, 5, 1, 6, 1]","['Sofa', 'Lamp', 'Dresser', 'Table', 'Chair', 'TV Stand']"
"[10, 11, 3, 2, 3, 2, 2, 2, 1, 3, 1, 2, 1, 1]","[0, 0, 3, 0, 6, 0, 8, 0, 9, 0, 9, 2]","['Table', 'Bookshelf', 'Desk', 'Bed', 'Sofa', 'Lamp']"
"[9, 11, 3, 2, 2, 2, 3, 1, 1, 3, 2, 1, 1, 1]","[0, 0, 3, 0, 5, 0, 8, 0, 5, 1, 7, 1]","['Bookshelf', 'Chair', 'Bed', 'Wardrobe', 'Dresser', 'TV Stand']"
"[12, 8, 2, 3, 2, 2, 1, 3, 0, 0, 0, 0, 0, 0]","[0, 0, 0, 3, 0, 5, 0, 0, 0, 0, 0, 0]","['Table', 'Bed', 'TV Stand']"
"[8, 10, 3, 2, 3, 1, 2, 1, 2, 1, 0, 0, 0, 0]","[0, 0, 3, 0, 6, 0, 3, 1, 0, 0, 0, 0]","['Desk', 'Bookshelf', 'Bed', 'Dresser']"
"[10, 8, 2, 3, 2, 2, 1, 2, 0, 0, 0, 0, 0, 0]","[0, 0, 0, 3, 0, 5, 0, 0, 0, 0, 0, 0]","['Wardrobe', 'Bed', 'Dresser']"
"[10, 11, 3, 2, 3, 1, 2, 1, 0, 0, 0, 0, 0, 0]","[0, 0, 3, 0, 6, 0, 0, 0, 0, 0, 0, 0]","['TV Stand', 'Dresser', 'Bed']"
"[12, 11, 2, 3, 2, 2, 2, 2, 1, 3, 1, 1, 0, 0]","[0, 0, 0, 3, 0, 5, 0, 7, 0, 10, 0, 0]","['Lamp', 'Wardrobe', 'Sofa', 'Bookshelf', 'Table']"
"[9, 9, 2, 2, 2, 2, 3, 1, 2, 1, 1, 1, 0, 0]","[0, 0, 2, 0, 4, 0, 7, 0, 4, 1, 0, 0]","['Wardrobe', 'Lamp', 'TV Stand', 'Dresser', 'Table']"
"[10, 9, 2, 3, 2, 3, 2, 2, 1, 1, 0, 0, 0, 0]","[0, 0, 0, 3, 0, 6, 0, 8, 0, 0, 0, 0]","['Bed', 'Sofa', 'Wardrobe', 'Chair']"
"[8, 12, 3, 2, 2, 2, 2, 2, 1, 3, 2, 1, 2, 1]","[0, 0, 3, 0, 5, 0, 7, 0, 0, 2, 2, 2]","['Bookshelf', 'Dresser', 'Table', 'Bed', 'Wardrobe', 'Desk']"
"[8, 11, 3, 2, 2, 2, 2, 1, 0, 0, 0, 0, 0, 0]","[0, 0, 3, 0, 5, 0, 0, 0, 0, 0, 0, 0]","['Desk', 'Sofa', 'Table']"
"[11, 8, 2, 3, 1, 2, 1, 1, 0, 0, 0, 0, 0, 0]","[0, 0, 0, 3, 0, 5, 0, 0, 0, 0, 0, 0]","['Chair', 'Dresser', 'Bed']"
"[11, 8, 2, 2, 2, 2, 1, 3, 3, 1, 1, 1, 0, 0]","[0, 0, 0, 2, 0, 4, 0, 7, 1, 4, 0, 0]","['TV Stand', 'Wardrobe', 'Table', 'Lamp', 'Bookshelf']"
"[10, 12, 3, 2, 3, 2, 3, 1, 0, 0, 0, 0, 0, 0]","[0, 0, 3, 0, 6, 0, 0, 0, 0, 0, 0, 0]","['Sofa', 'TV Stand', 'Bed']"
"[10, 9, 2, 3, 2, 2, 1, 1, 0, 0, 0, 0, 0, 0]","[0, 0, 0, 3, 0, 5, 0, 0, 0, 0, 0, 0]","['Lamp', 'Table', 'Bed']"
"[11, 12, 3, 2, 3, 2, 2, 1, 2, 1, 1, 1, 0, 0]","[0, 0, 3, 0, 6, 0, 8, 0, 10, 0, 0, 0]","['Sofa', 'Desk', 'Bed', 'Chair', 'Dresser']"
"[12, 10, 2, 3, 2, 2, 2, 2, 1, 2, 2, 1, 0, 0]","[0, 0, 0, 3, 0, 5, 0, 7, 0, 9, 0, 0]","['Bed', 'Table', 'Wardrobe', 'Dresser', 'Desk']"
"[12, 9, 2, 3, 1, 3, 1, 2, 2, 1, 1, 1, 0, 0]","[0, 0, 0, 3, 0, 6, 0, 8, 1, 3, 0, 0]","['Bookshelf', 'Bed', 'Desk', 'Dresser', 'Chair']"
"[11, 12, 3, 2, 2, 2, 3, 1, 1, 1, 0, 0, 0, 0]","[0, 0, 3, 0, 5, 0, 8, 0, 0, 0, 0, 0]","['Bed', 'Wardrobe', 'Chair', 'Bookshelf']"
"[10, 11, 3, 1, 3, 1, 2, 1, 2, 1, 1, 1, 0, 0]","[0, 0, 3, 0, 6, 0, 8, 0, 0, 1, 0, 0]","['TV Stand', 'Bookshelf', 'Lamp', 'Dresser', 'Desk']"
"[11, 11, 2, 2, 3, 1, 2, 1, 0, 0, 0, 0, 0, 0]","[0, 0, 2, 0, 5, 0, 0, 0, 0, 0, 0, 0]","['TV Stand', 'Wardrobe', 'Dresser']"
"[12, 11, 2, 3, 2, 2, 2, 2, 1, 3, 3, 1, 1, 2]","[0, 0, 0, 3, 0, 5, 0, 7, 0, 10, 1, 7]","['Bookshelf', 'Desk', 'Bed', 'Wardrobe', 'Table', 'TV Stand']"
"[10, 12, 2, 1, 2, 1, 1, 1, 0, 0, 0, 0, 0, 0]","[0, 0, 2, 0, 4, 0, 0, 0, 0, 0, 0, 0]","['Desk', 'Lamp', 'Dresser']"
"[10, 12, 2, 2, 2, 2, 2, 1, 1, 1, 0, 0, 0, 0]","[0, 0, 2, 0, 4, 0, 6, 0, 0, 0, 0, 0]","['Wardrobe', 'Dresser', 'Table', 'Lamp']"
"[11, 8, 2, 3, 2, 2, 2, 2, 3, 1, 1, 2, 1, 1]","[0, 0, 0, 3, 0, 5, 0, 7, 2, 0, 2, 2]","['Table', 'Wardrobe', 'Desk', 'Sofa', 'TV Stand', 'Lamp']"
"[9, 12, 3, 2, 2, 2, 2, 2, 1, 3, 1, 2, 1, 1]","[0, 0, 3, 0, 5, 0, 7, 0, 8, 0, 8, 2]","['Lamp', 'Dresser', 'Bed', 'Bookshelf', 'Wardrobe', 'Table']"
"[10, 10, 3, 2, 2, 2, 2, 2, 3, 1, 2, 1, 0, 0]","[0, 0, 3, 0, 5, 0, 7, 0, 7, 1, 0, 0]","['Sofa', 'Table', 'Desk', 'Wardrobe', 'Bookshelf']"
"[8, 8, 2, 2, 2, 2, 3, 1, 1, 2, 2, 1, 0, 0]","[0, 0, 2, 0, 4, 0, 7, 0, 4, 1, 0, 0]","['TV Stand', 'Wardrobe', 'Desk', 'Table', 'Dresser']"
"[9, 10, 3, 2, 3, 1, 1, 1, 0, 0, 0, 0, 0, 0]","[0, 0, 3, 0, 6, 0, 0, 0, 0, 0, 0, 0]","['TV Stand', 'Lamp', 'Bed']"
"[10, 9, 2, 3, 2, 3, 2, 2, 2, 1, 1, 1, 0, 0]","[0, 0, 0, 3, 0, 6, 0, 8, 2, 0, 0, 0]","['Sofa', 'Lamp', 'Wardrobe', 'Dresser', 'Bed']"
"[10, 11, 2, 2, 1, 1, 1, 1, 0, 0, 0, 0, 0, 0]","[0, 0, 2, 0, 3, 0, 0, 0, 0, 0, 0, 0]","['Wardrobe', 'Chair', 'Lamp']"
"[10, 11, 2, 2, 3, 1, 1, 1, 1, 1, 0, 0, 0, 0]","[0, 0, 2, 0, 5, 0, 6, 0, 0, 0, 0, 0]","['Bookshelf', 'Lamp', 'Chair', 'Table']"
"[8, 9, 3, 2, 2, 1, 1, 1, 1, 1, 0, 0, 0, 0]","[0, 0, 3, 0, 5, 0, 6, 0, 0, 0, 0, 0]","['Lamp', 'Dresser', 'Bed', 'Chair']"
"[12, 11, 2, 3, 2, 3, 2, 2, 1, 3, 1, 2, 1, 1]","[0, 0, 0, 3, 0, 6, 0, 8, 1, 8, 1, 10]","['Lamp', 'TV Stand', 'Sofa', 'Desk', 'Wardrobe', 'Bed']"
"[9, 11, 3, 2, 2, 1, 1, 1, 0, 0, 0, 0, 0, 0]","[0, 0, 3, 0, 5, 0, 0, 0, 0, 0, 0, 0]","['Desk', 'Lamp', 'Bed']"
"[8, 10, 3, 2, 3, 2, 2, 1, 1, 1, 1, 1, 0, 0]","[0, 0, 3, 0, 6, 0, 6, 1, 7, 1, 0, 0]","['Sofa', 'Chair', 'Dresser', 'Lamp', 'Bed']"
"[12, 9, 2, 2, 1, 3, 1, 2, 0, 0, 0, 0, 0, 0]","[0, 0, 0, 2, 0, 5, 0, 0, 0, 0, 0, 0]","['TV Stand', 'Dresser', 'Table']"
"[9, 11, 2, 2, 3, 1, 2, 1, 1, 1, 0, 0, 0, 0]","[0, 0, 2, 0, 5, 0, 7, 0, 0, 0, 0, 0]","['Chair', 'Bookshelf', 'Wardrobe', 'Desk']"
"[8, 10, 3, 2, 2, 2, 2, 1, 1, 1, 1, 1, 0, 0]","[0, 0, 3, 0, 5, 0, 7, 0, 5, 1, 0, 0]","['Bed', 'Table', 'Chair', 'Lamp', 'Desk']"
"[8, 11, 3, 2, 2, 1, 1, 1, 1, 1, 0, 0, 0, 0]","[0, 0, 3, 0, 5, 0, 6, 0, 0, 0, 0, 0]","['Dresser', 'Lamp', 'Bed', 'Chair']"
"[9, 8, 2, 3, 1, 2, 1, 2, 1, 1, 0, 0, 0, 0]","[0, 0, 0, 3, 0, 5, 0, 7, 0, 0, 0, 0]","['Desk', 'Bed', 'Dresser', 'Chair']"
"[10, 12, 3, 2, 2, 2, 2, 2, 3, 1, 2, 1, 1, 1]","[0, 0, 3, 0, 5, 0, 7, 0, 7, 1, 9, 1]","['Wardrobe', 'Table', 'Lamp', 'TV Stand', 'Desk', 'Bed']"
"[8, 12, 3, 2, 3, 2, 1, 1, 0, 0, 0, 0, 0, 0]","[0, 0, 3, 0, 6, 0, 0, 0, 0, 0, 0, 0]","['Sofa', 'Lamp', 'Bed']"
"[9, 11, 2, 2, 2, 2, 3, 1, 1, 1, 0, 0, 0, 0]","[0, 0, 2, 0, 4, 0, 7, 0, 0, 0, 0, 0]","['Bookshelf', 'Lamp', 'Table', 'Wardrobe']"
"[11, 8, 2, 3, 2, 2, 1, 3, 1, 1, 1, 1, 0, 0]","[0, 0, 0, 3, 0, 5, 1, 5, 1, 6, 0, 0]","['Chair', 'Sofa', 'Lamp', 'Wardrobe', 'TV Stand']"
"[9, 11, 3, 2, 2, 2, 3, 1, 1, 3, 0, 0, 0, 0]","[0, 0, 3, 0, 5, 0, 8, 0, 0, 0, 0, 0]","['Table', 'TV Stand', 'Bookshelf', 'Bed']"
"[10, 12, 3, 2, 2, 1, 1, 1, 1, 1, 0, 0, 0, 0]","[0, 0, 3, 0, 5, 0, 6, 0, 0, 0, 0, 0]","['Sofa', 'Chair', 'Dresser', 'Lamp']"
"[9, 8, 2, 3, 2, 3, 3, 1, 2, 1, 2, 1, 0, 0]","[0, 0, 0, 3, 0, 6, 0, 7, 2, 7, 0, 0]","['Desk', 'Bed', 'Bookshelf', 'Sofa', 'Dresser']"
"[8, 9, 2, 2, 3, 1, 3, 1, 2, 1, 2, 1, 0, 0]","[0, 0, 2, 0, 5, 0, 2, 1, 4, 1, 0, 0]","['Dresser', 'Wardrobe', 'TV Stand', 'Bookshelf', 'Desk']"
"[11, 11, 2, 3, 1, 3, 1, 2, 1, 1, 0, 0, 0, 0]","[0, 0, 0, 3, 0, 6, 0, 8, 0, 0, 0, 0]","['Bed', 'Dresser', 'TV Stand', 'Lamp']"
"[12, 8, 2, 3, 2, 3, 2, 2, 0, 0, 0, 0, 0, 0]","[0, 0, 0, 3, 0, 6, 0, 0, 0, 0, 0, 0]","['Wardrobe', 'Bed', 'Sofa']"
"[12, 10, 2, 3, 2, 2, 1, 3, 3, 1, 1, 1, 1, 1]","[0, 0, 0, 3, 0, 5, 0, 8, 0, 9, 1, 9]","['Bed', 'Chair', 'Bookshelf', 'Wardrobe', 'Lamp', 'TV Stand']"
"[10, 8, 2, 3, 1, 2, 1, 1, 0, 0, 0, 0, 0, 0]","[0, 0, 0, 3, 0, 5, 0, 0, 0, 0, 0, 0]","['Dresser', 'Lamp', 'Bed']"
"[10, 8, 2, 3, 2, 2, 1, 3, 1, 2, 1, 1, 0, 0]","[0, 0, 0, 3, 0, 5, 1, 5, 1, 7, 0, 0]","['Chair', 'Sofa', 'Desk', 'Table', 'Bookshelf']"
"[12, 10, 2, 2, 2, 2, 1, 3, 1, 3, 1, 1, 1, 1]","[0, 0, 0, 2, 0, 4, 0, 7, 1, 4, 1, 5]","['Lamp', 'Chair', 'Bookshelf', 'TV Stand', 'Table', 'Wardrobe']"
"[11, 11, 3, 2, 2, 2, 2, 1, 1, 1, 0, 0, 0, 0]","[0, 0, 3, 0, 5, 0, 7, 0, 0, 0, 0, 0]","['Wardrobe', 'Dresser', 'Sofa', 'Lamp']"
"[10, 9, 2, 2, 1, 3, 1, 1, 1, 1, 0, 0, 0, 0]","[0, 0, 0, 2, 0, 5, 0, 6, 0, 0, 0, 0]","['Lamp', 'Table', 'TV Stand', 'Chair']"
"[11, 10, 2, 3, 2, 2, 1, 3, 1, 2, 0, 0, 0, 0]","[0, 0, 0, 3, 0, 5, 0, 8, 0, 0, 0, 0]","['Dresser', 'Table', 'TV Stand', 'Bed']"
"[8, 8, 2, 2, 2, 2, 3, 1, 1, 3, 2, 1, 0, 0]","[0, 0, 2, 0, 4, 0, 7, 0, 4, 1, 0, 0]","['Bookshelf', 'Table', 'TV Stand', 'Dresser', 'Wardrobe']"
"[8, 10, 3, 2, 2, 2, 2, 1, 1, 1, 0, 0, 0, 0]","[0, 0, 3, 0, 5, 0, 7, 0, 0, 0, 0, 0]","['Lamp', 'Sofa', 'Wardrobe', 'Desk']"
"[8, 8, 2, 2, 2, 1, 2, 1, 1, 1, 0, 0, 0, 0]","[0, 0, 2, 0, 4, 0, 6, 0, 0, 0, 0, 0]","['Chair', 'Wardrobe', 'Dresser', 'Desk']"
"[10, 10, 3, 1, 2, 1, 1, 1, 1, 1, 0, 0, 0, 0]","[0, 0, 3, 0, 5, 0, 6, 0, 0, 0, 0, 0]","['Lamp', 'Bookshelf', 'Chair', 'Dresser']"
"[9, 8, 2, 2, 2, 2, 1, 3, 2, 1, 1, 1, 0, 0]","[0, 0, 0, 2, 0, 4, 0, 7, 1, 4, 0, 0]","['Wardrobe', 'Bookshelf', 'Desk', 'Table', 'Chair']"
"[12, 11, 2, 3, 1, 2, 1, 1, 0, 0, 0, 0, 0, 0]","[0, 0, 0, 3, 0, 5, 0, 0, 0, 0, 0, 0]","['Dresser', 'Bed', 'Chair']"
"[10, 9, 2, 3, 2, 2, 1, 3, 3, 1, 1, 2, 1, 1]","[0, 0, 0, 3, 0, 5, 0, 8, 1, 5, 1, 7]","['Lamp', 'TV Stand', 'Wardrobe', 'Bookshelf', 'Dresser', 'Sofa']"
"[8, 12, 3, 2, 2, 2, 2, 1, 0, 0, 0, 0, 0, 0]","[0, 0, 3, 0, 5, 0, 0, 0, 0, 0, 0, 0]","['Table', 'Dresser', 'Sofa']"
"[8, 10, 3, 2, 2, 2, 2, 2, 1, 3, 2, 1, 1, 1]","[0, 0, 3, 0, 5, 0, 7, 0, 0, 2, 2, 2]","['Chair', 'Bed', 'Wardrobe', 'TV Stand', 'Dresser', 'Table']"
"[8, 9, 3, 2, 2, 2, 3, 1, 3, 1, 1, 2, 1, 1]","[0, 0, 3, 0, 5, 0, 5, 1, 0, 2, 0, 4]","['Lamp', 'Table', 'Dresser', 'TV Stand', 'Sofa', 'Bookshelf']"
"[11, 9, 2, 3, 2, 2, 1, 2, 1, 1, 0, 0, 0, 0]","[0, 0, 0, 3, 0, 5, 0, 7, 0, 0, 0, 0]","['Sofa', 'Lamp', 'Wardrobe', 'Dresser']"
"[11, 11, 3, 2, 3, 1, 2, 1, 0, 0, 0, 0, 0, 0]","[0, 0, 3, 0, 6, 0, 0, 0, 0, 0, 0, 0]","['Bed', 'TV Stand', 'Dresser']"
"[11, 10, 2, 3, 2, 3, 2, 2, 3, 1, 2, 1, 0, 0]","[0, 0, 0, 3, 0, 6, 0, 8, 0, 9, 0, 0]","['Table', 'TV Stand', 'Sofa', 'Bed', 'Dresser']"
"[11, 9, 2, 3, 1, 2, 1, 1, 0, 0, 0, 0, 0, 0]","[0, 0, 0, 3, 0, 5, 0, 0, 0, 0, 0, 0]","['Lamp', 'Bed', 'Dresser']"
"[8, 12, 2, 2, 2, 1, 1, 1, 0, 0, 0, 0, 0, 0]","[0, 0, 2, 0, 4, 0, 0, 0, 0, 0, 0, 0]","['Desk', 'Lamp', 'Table']"
"[10, 9, 2, 3, 2, 3, 2, 2, 2, 2, 2, 1, 1, 1]","[0, 0, 0, 3, 0, 6, 2, 0, 0, 8, 4, 0]","['Sofa', 'Wardrobe', 'Table', 'Chair', 'Dresser', 'Bed']"
"[11, 12, 3, 2, 3, 2, 2, 1, 2, 1, 1, 1, 1, 1]","[0, 0, 3, 0, 6, 0, 8, 0, 10, 0, 6, 1]","['Chair', 'Sofa', 'Dresser', 'Desk', 'Bed', 'Lamp']"
"[11, 12, 3, 2, 2, 2, 3, 1, 2, 1, 1, 1, 0, 0]","[0, 0, 3, 0, 5, 0, 8, 0, 10, 0, 0, 0]","['Bookshelf', 'Table', 'Dresser', 'Lamp', 'Bed']"
"[9, 9, 2, 2, 3, 1, 2, 1, 0, 0, 0, 0, 0, 0]","[0, 0, 2, 0, 5, 0, 0, 0, 0, 0, 0, 0]","['TV Stand', 'Dresser', 'Wardrobe']"
"[8, 12, 3, 2, 2, 2, 3, 1, 1, 1, 0, 0, 0, 0]","[0, 0, 3, 0, 5, 0, 5, 1, 0, 0, 0, 0]","['Table', 'Bed', 'TV Stand', 'Chair']"
"[11, 8, 2, 3, 1, 1, 1, 1, 0, 0, 0, 0, 0, 0]","[0, 0, 0, 3, 0, 4, 0, 0, 0, 0, 0, 0]","['Chair', 'Sofa', 'Lamp']"
"[12, 12, 3, 2, 2, 2, 2, 2, 2, 1, 0, 0, 0, 0]","[0, 0, 3, 0, 5, 0, 7, 0, 0, 0, 0, 0]","['Wardrobe', 'Table', 'Desk', 'Sofa']"
"[12, 11, 2, 2, 2, 2, 1, 3, 1, 3, 1, 1, 0, 0]","[0, 0, 0, 2, 0, 4, 0, 7, 0, 10, 0, 0]","['Chair', 'Wardrobe', 'Table', 'TV Stand', 'Bookshelf']"
"[12, 12, 2, 3, 2, 2, 2, 2, 1, 2, 1, 1, 1, 1]","[0, 0, 0, 3, 0, 5, 0, 7, 0, 9, 0, 10]","['Wardrobe', 'Bed', 'Table', 'Lamp', 'Desk', 'Chair']"
"[12, 10, 2, 3, 2, 2, 1, 2, 0, 0, 0, 0, 0, 0]","[0, 0, 0, 3, 0, 5, 0, 0, 0, 0, 0, 0]","['Dresser', 'Bed', 'Table']"
"[12, 9, 2, 3, 2, 2, 1, 3, 3, 1, 1, 2, 2, 1]","[0, 0, 0, 3, 0, 5, 0, 8, 1, 5, 1, 7]","['TV Stand', 'Table', 'Dresser', 'Bed', 'Desk', 'Bookshelf']"
"[10, 10, 2, 3, 2, 2, 1, 3, 1, 2, 1, 2, 1, 1]","[0, 0, 0, 3, 0, 5, 0, 8, 1, 5, 1, 7]","['Desk', 'Bed', 'Chair', 'Dresser', 'Table', 'Bookshelf']"
"[8, 9, 2, 2, 3, 1, 2, 1, 0, 0, 0, 0, 0, 0]","[0, 0, 2, 0, 5, 0, 0, 0, 0, 0, 0, 0]","['TV Stand', 'Desk', 'Table']"
"[11, 11, 3, 2, 3, 1, 3, 1, 2, 1, 1, 1, 0, 0]","[0, 0, 3, 0, 6, 0, 9, 0, 3, 1, 0, 0]","['Bookshelf', 'Dresser', 'Sofa', 'Lamp', 'TV Stand']"
"[9, 12, 3, 1, 2, 1, 2, 1, 1, 1, 1, 1, 0, 0]","[0, 0, 3, 0, 5, 0, 7, 0, 8, 0, 0, 0]","['TV Stand', 'Desk', 'Chair', 'Lamp', 'Dresser']"
"[12, 8, 2, 2, 2, 2, 1, 3, 2, 1, 0, 0, 0, 0]","[0, 0, 0, 2, 0, 4, 0, 7, 0, 0, 0, 0]","['Wardrobe', 'Bookshelf', 'Dresser', 'Table']"
"[11, 12, 3, 1, 2, 1, 2, 1, 0, 0, 0, 0, 0, 0]","[0, 0, 3, 0, 5, 0, 0, 0, 0, 0, 0, 0]","['Dresser', 'Desk', 'Bookshelf']"
"[12, 12, 2, 3, 2, 2, 1, 2, 0, 0, 0, 0, 0, 0]","[0, 0, 0, 3, 0, 5, 0, 0, 0, 0, 0, 0]","['Table', 'Bed', 'Desk']"
"[8, 12, 3, 2, 3, 2, 2, 2, 1, 1, 0, 0, 0, 0]","[0, 0, 3, 0, 6, 0, 0, 2, 0, 0, 0, 0]","['Lamp', 'Wardrobe', 'Bed', 'Sofa']"
"[12, 12, 2, 2, 2, 2, 3, 1, 3, 1, 2, 1, 2, 1]","[0, 0, 2, 0, 4, 0, 7, 0, 10, 0, 4, 1]","['Table', 'Bookshelf', 'Desk', 'TV Stand', 'Wardrobe', 'Dresser']"
"[8, 9, 3, 2, 2, 2, 3, 1, 1, 1, 0, 0, 0, 0]","[0, 0, 3, 0, 5, 0, 5, 1, 0, 0, 0, 0]","['Chair', 'Table', 'Sofa', 'TV Stand']"
"[11, 10, 1, 3, 1, 2, 1, 1, 1, 1, 0, 0, 0, 0]","[0, 0, 0, 3, 0, 5, 0, 6, 0, 0, 0, 0]","['TV Stand', 'Lamp', 'Dresser', 'Chair']"
"[9, 10, 2, 2, 2, 2, 3, 1, 1, 3, 1, 2, 0, 0]","[0, 0, 2, 0, 4, 0, 7, 0, 8, 0, 0, 0]","['Table', 'Wardrobe', 'Bookshelf', 'TV Stand', 'Dresser']"
"[8, 12, 3, 2, 2, 2, 2, 2, 1, 3, 3, 1, 2, 1]","[0, 0, 3, 0, 5, 0, 7, 0, 0, 2, 3, 2]","['Bed', 'Bookshelf', 'Table', 'Wardrobe', 'Dresser', 'TV Stand']"
"[8, 10, 3, 2, 2, 2, 3, 1, 2, 1, 1, 2, 0, 0]","[0, 0, 3, 0, 5, 0, 5, 1, 7, 1, 0, 0]","['Wardrobe', 'Bed', 'TV Stand', 'Desk', 'Dresser']"
"[11, 12, 2, 2, 2, 2, 1, 1, 0, 0, 0, 0, 0, 0]","[0, 0, 2, 0, 4, 0, 0, 0, 0, 0, 0, 0]","['Lamp', 'Wardrobe', 'Table']"
"[11, 11, 2, 3, 1, 3, 1, 1, 0, 0, 0, 0, 0, 0]","[0, 0, 0, 3, 0, 6, 0, 0, 0, 0, 0, 0]","['Bookshelf', 'Sofa', 'Chair']"
"[12, 11, 2, 3, 2, 2, 1, 3, 1, 2, 2, 1, 1, 1]","[0, 0, 0, 3, 0, 5, 0, 8, 0, 10, 1, 5]","['Table', 'TV Stand', 'Desk', 'Bed', 'Chair', 'Dresser']"
"[12, 11, 2, 3, 2, 2, 1, 3, 1, 2, 2, 1, 0, 0]","[0, 0, 0, 3, 0, 5, 0, 8, 0, 10, 0, 0]","['Table', 'Bookshelf', 'Dresser', 'Desk', 'Bed']"
"[11, 9, 2, 3, 1, 3, 1, 3, 1, 2, 1, 2, 0, 0]","[0, 0, 0, 3, 0, 6, 1, 3, 1, 5, 0, 0]","['Dresser', 'Bookshelf', 'Bed', 'Desk', 'TV Stand']"
"[10, 9, 2, 2, 1, 3, 1, 1, 0, 0, 0, 0, 0, 0]","[0, 0, 0, 2, 0, 5, 0, 0, 0, 0, 0, 0]","['Chair', 'Wardrobe', 'Bookshelf']"
"[9, 11, 3, 2, 3, 1, 3, 1, 2, 1, 1, 1, 0, 0]","[0, 0, 3, 0, 6, 0, 3, 1, 5, 1, 0, 0]","['Bookshelf', 'TV Stand', 'Bed', 'Lamp', 'Desk']"
"[9, 8, 2, 3, 2, 2, 1, 3, 1, 3, 2, 1, 2, 1]","[0, 0, 0, 3, 0, 5, 1, 5, 2, 0, 4, 0]","['Desk', 'Bed', 'Wardrobe', 'Bookshelf', 'TV Stand', 'Dresser']"
"[12, 9, 2, 3, 2, 3, 2, 2, 3, 1, 1, 1, 0, 0]","[0, 0, 0, 3, 0, 6, 0, 8, 2, 0, 0, 0]","['Bed', 'Table', 'Bookshelf', 'Sofa', 'Lamp']"
"[11, 10, 2, 3, 1, 3, 1, 2, 0, 0, 0, 0, 0, 0]","[0, 0, 0, 3, 0, 6, 0, 0, 0, 0, 0, 0]","['Sofa', 'Dresser', 'TV Stand']"
"[8, 8, 2, 2, 1, 3, 1, 3, 2, 1, 1, 1, 0, 0]","[0, 0, 0, 2, 0, 5, 2, 0, 4, 0, 0, 0]","['Lamp', 'Wardrobe', 'Bookshelf', 'TV Stand', 'Desk']"
"[9, 9, 2, 3, 2, 2, 1, 2, 1, 1, 0, 0, 0, 0]","[0, 0, 0, 3, 0, 5, 0, 7, 0, 0, 0, 0]","['Table', 'Chair', 'Desk', 'Sofa']"
"[8, 12, 3, 2, 2, 2, 3, 1, 2, 1, 0, 0, 0, 0]","[0, 0, 3, 0, 5, 0, 5, 1, 0, 0, 0, 0]","['Desk', 'Sofa', 'Table', 'TV Stand']"
"[10, 12, 3, 2, 2, 2, 3, 1, 0, 0, 0, 0, 0, 0]","[0, 0, 3, 0, 5, 0, 0, 0, 0, 0, 0, 0]","['TV Stand', 'Sofa', 'Wardrobe']"
"[8, 12, 3, 2, 2, 2, 3, 1, 1, 1, 0, 0, 0, 0]","[0, 0, 3, 0, 5, 0, 5, 1, 0, 0, 0, 0]","['Chair', 'Bookshelf', 'Wardrobe', 'Sofa']"
"[8, 8, 2, 3, 2, 2, 1, 3, 1, 1, 0, 0, 0, 0]","[0, 0, 0, 3, 0, 5, 1, 5, 0, 0, 0, 0]","['Bookshelf', 'Lamp', 'Bed', 'Wardrobe']"
"[8, 11, 3, 2, 2, 2, 2, 1, 1, 1, 0, 0, 0, 0]","[0, 0, 3, 0, 5, 0, 7, 0, 0, 0, 0, 0]","['Bed', 'Dresser', 'Wardrobe', 'Chair']"
"[8, 10, 3, 2, 2, 2, 3, 1, 3, 1, 1, 2, 1, 1]","[0, 0, 3, 0, 5, 0, 5, 1, 0, 2, 0, 4]","['Chair', 'TV Stand', 'Table', 'Bookshelf', 'Desk', 'Sofa']"
"[10, 9, 2, 3, 1, 3, 1, 2, 0, 0, 0, 0, 0, 0]","[0, 0, 0, 3, 0, 6, 0, 0, 0, 0, 0, 0]","['Bed', 'Bookshelf', 'Dresser']"
"[9, 12, 3, 2, 3, 2, 2, 2, 1, 3, 2, 1, 2, 1]","[0, 0, 3, 0, 6, 0, 8, 0, 0, 2, 2, 2]","['Table', 'Dresser', 'TV Stand', 'Bed', 'Desk', 'Sofa']"
"[11, 11, 3, 2, 3, 1, 2, 1, 1, 1, 1, 1, 0, 0]","[0, 0, 3, 0, 6, 0, 8, 0, 9, 0, 0, 0]","['Chair', 'Bed', 'Desk', 'Lamp', 'Bookshelf']"
"[8, 9, 3, 2, 2, 2, 2, 2, 1, 2, 1, 1, 0, 0]","[0, 0, 3, 0, 5, 0, 7, 0, 0, 2, 0, 0]","['Wardrobe', 'Table', 'Sofa', 'Chair', 'Dresser']"
"[12, 11, 2, 3, 2, 2, 2, 2, 1, 3, 0, 0, 0, 0]","[0, 0, 0, 3, 0, 5, 0, 7, 0, 0, 0, 0]","['Bed', 'Table', 'Wardrobe', 'TV Stand']"
"[11, 12, 3, 2, 3, 1, 3, 1, 0, 0, 0, 0, 0, 0]","[0, 0, 3, 0, 6, 0, 0, 0, 0, 0, 0, 0]","['TV Stand', 'Bed', 'Bookshelf']"
"[12, 10, 2, 2, 1, 3, 1, 3, 1, 2, 1, 2, 0, 0]","[0, 0, 0, 2, 0, 5, 0, 8, 1, 2, 0, 0]","['Desk', 'Dresser', 'Bookshelf', 'Table', 'TV Stand']"
"[8, 11, 3, 2, 2, 2, 3, 1, 2, 1, 1, 2, 0, 0]","[0, 0, 3, 0, 5, 0, 5, 1, 7, 1, 0, 0]","['Desk', 'Table', 'Dresser', 'TV Stand', 'Sofa']"
"[9, 9, 2, 2, 1, 1, 1, 1, 0, 0, 0, 0, 0, 0]","[0, 0, 2, 0, 3, 0, 0, 0, 0, 0, 0, 0]","['Lamp', 'Chair', 'Wardrobe']"
"[11, 10, 2, 2, 1, 3, 1, 2, 0, 0, 0, 0, 0, 0]","[0, 0, 0, 2, 0, 5, 0, 0, 0, 0, 0, 0]","['Bookshelf', 'Table', 'Desk']"
"[11, 10, 2, 3, 2, 2, 1, 3, 1, 2, 1, 1, 0, 0]","[0, 0, 0, 3, 0, 5, 0, 8, 1, 5, 0, 0]","['Desk', 'Chair', 'Bed', 'Table', 'Bookshelf']"
"[12, 12, 3, 2, 2, 2, 3, 1, 2, 1, 2, 1, 1, 1]","[0, 0, 3, 0, 5, 0, 8, 0, 10, 0, 5, 1]","['Sofa', 'Dresser', 'Lamp', 'Desk', 'Bookshelf', 'Table']"
"[10, 11, 3, 2, 2, 2, 2, 1, 2, 1, 1, 1, 0, 0]","[0, 0, 3, 0, 5, 0, 7, 0, 9, 0, 0, 0]","['Table', 'Dresser', 'Chair', 'Sofa', 'Desk']"
"[8, 11, 3, 1, 2, 1, 1, 1, 0, 0, 0, 0, 0, 0]","[0, 0, 3, 0, 5, 0, 0, 0, 0, 0, 0, 0]","['Bookshelf', 'Desk', 'Chair']"
"[10, 10, 3, 2, 2, 1, 1, 1, 0, 0, 0, 0, 0, 0]","[0, 0, 3, 0, 5, 0, 0, 0, 0, 0, 0, 0]","['Sofa', 'Dresser', 'Lamp']"
"[8, 8, 3, 2, 2, 2, 2, 1, 0, 0, 0, 0, 0, 0]","[0, 0, 3, 0, 5, 0, 0, 0, 0, 0, 0, 0]","['Desk', 'Sofa', 'Table']"
"[12, 11, 2, 3, 2, 2, 1, 3, 1, 1, 1, 1, 0, 0]","[0, 0, 0, 3, 0, 5, 0, 8, 0, 9, 0, 0]","['Bookshelf', 'Table', 'Lamp', 'Bed', 'Chair']"
"[8, 12, 2, 2, 2, 2, 3, 1, 1, 2, 1, 1, 0, 0]","[0, 0, 2, 0, 4, 0, 7, 0, 4, 1, 0, 0]","['Dresser', 'Table', 'Bookshelf', 'Wardrobe', 'Lamp']"
"[9, 8, 2, 3, 1, 3, 3, 1, 2, 1, 1, 1, 0, 0]","[0, 0, 0, 3, 0, 6, 0, 7, 2, 7, 0, 0]","['Bed', 'Bookshelf', 'Dresser', 'TV Stand', 'Chair']"
"[11, 12, 3, 2, 3, 2, 3, 1, 1, 3, 1, 2, 1, 1]","[0, 0, 3, 0, 6, 0, 9, 0, 10, 0, 10, 2]","['Lamp', 'TV Stand', 'Bookshelf', 'Sofa', 'Dresser', 'Bed']"
"[9, 11, 2, 2, 3, 1, 3, 1, 1, 1, 0, 0, 0, 0]","[0, 0, 2, 0, 5, 0, 8, 0, 0, 0, 0, 0]","['Bookshelf', 'Lamp', 'TV Stand', 'Wardrobe']"
"[10, 11, 2, 2, 2, 2, 2, 1, 1, 1, 0, 0, 0, 0]","[0, 0, 2, 0, 4, 0, 6, 0, 0, 0, 0, 0]","['Dresser', 'Lamp', 'Table', 'Wardrobe']"
"[10, 11, 3, 2, 3, 2, 3, 1, 1, 2, 2, 1, 1, 1]","[0, 0, 3, 0, 6, 0, 9, 0, 6, 1, 8, 1]","['Chair', 'TV Stand', 'Bed', 'Sofa', 'Dresser', 'Desk']"
"[11, 10, 2, 3, 1, 3, 1, 2, 0, 0, 0, 0, 0, 0]","[0, 0, 0, 3, 0, 6, 0, 0, 0, 0, 0, 0]","['Dresser', 'TV Stand', 'Bed']"
"[11, 12, 3, 2, 3, 2, 2, 2, 2, 2, 1, 3, 1, 2]","[0, 0, 3, 0, 6, 0, 8, 0, 10, 0, 0, 3]","['Bed', 'Wardrobe', 'Sofa', 'TV Stand', 'Desk', 'Table']"
"[11, 8, 2, 3, 1, 3, 1, 2, 1, 2, 1, 1, 0, 0]","[0, 0, 0, 3, 0, 6, 1, 3, 1, 5, 0, 0]","['Sofa', 'Desk', 'Dresser', 'TV Stand', 'Chair']"
"[12, 11, 2, 3, 2, 2, 1, 3, 1, 3, 1, 1, 1, 1]","[0, 0, 0, 3, 0, 5, 0, 8, 1, 5, 1, 6]","['Bookshelf', 'Bed', 'Chair', 'TV Stand', 'Lamp', 'Wardrobe']"
"[12, 10, 1, 3, 1, 3, 1, 2, 0, 0, 0, 0, 0, 0]","[0, 0, 0, 3, 0, 6, 0, 0, 0, 0, 0, 0]","['TV Stand', 'Dresser', 'Bookshelf']"
"[10, 9, 1, 2, 1, 2, 1, 1, 0, 0, 0, 0, 0, 0]","[0, 0, 0, 2, 0, 4, 0, 0, 0, 0, 0, 0]","['Dresser', 'Desk', 'Chair']"
"[11, 9, 2, 3, 2, 2, 1, 1, 1, 1, 0, 0, 0, 0]","[0, 0, 0, 3, 0, 5, 0, 6, 0, 0, 0, 0]","['Wardrobe', 'Chair', 'Lamp', 'Bed']"
"[10, 11, 3, 2, 2, 2, 3, 1, 2, 1, 2, 1, 0, 0]","[0, 0, 3, 0, 5, 0, 8, 0, 5, 1, 0, 0]","['TV Stand', 'Dresser', 'Wardrobe', 'Sofa', 'Desk']"
"[8, 10, 3, 2, 3, 1, 2, 1, 2, 1, 1, 1, 0, 0]","[0, 0, 3, 0, 6, 0, 3, 1, 5, 1, 0, 0]","['Sofa', 'Bookshelf', 'Chair', 'Desk', 'Dresser']"
"[12, 12, 3, 2, 3, 1, 3, 1, 2, 1, 1, 1, 0, 0]","[0, 0, 3, 0, 6, 0, 9, 0, 11, 0, 0, 0]","['TV Stand', 'Bookshelf', 'Desk', 'Sofa', 'Chair']"
"[12, 10, 2, 3, 2, 3, 1, 3, 3, 1, 1, 1, 1, 1]","[0, 0, 0, 3, 0, 6, 0, 9, 1, 6, 1, 7]","['Chair', 'Lamp', 'TV Stand', 'Bed', 'Bookshelf', 'Sofa']"
"[9, 11, 3, 2, 3, 2, 2, 2, 1, 3, 3, 1, 2, 1]","[0, 0, 3, 0, 6, 0, 8, 0, 0, 2, 3, 2]","['Bed', 'Bookshelf', 'Desk', 'Sofa', 'Wardrobe', 'TV Stand']"
"[8, 12, 3, 2, 3, 1, 1, 3, 1, 2, 1, 2, 0, 0]","[0, 0, 3, 0, 6, 0, 7, 0, 7, 2, 0, 0]","['Desk', 'Dresser', 'TV Stand', 'Sofa', 'Bookshelf']"
"[11, 10, 2, 3, 2, 2, 2, 2, 1, 3, 1, 2, 2, 1]","[0, 0, 0, 3, 0, 5, 0, 7, 1, 7, 1, 9]","['Dresser', 'Bed', 'Wardrobe', 'Bookshelf', 'Table', 'Desk']"
"[12, 10, 2, 2, 1, 3, 1, 3, 1, 2, 1, 2, 1, 1]","[0, 0, 0, 2, 0, 5, 0, 8, 1, 2, 1, 4]","['Lamp', 'TV Stand', 'Dresser', 'Bookshelf', 'Wardrobe', 'Desk']"
"[9, 12, 3, 2, 3, 2, 2, 2, 1, 3, 2, 1, 0, 0]","[0, 0, 3, 0, 6, 0, 8, 0, 0, 2, 0, 0]","['Bed', 'Table', 'Sofa', 'Bookshelf', 'Dresser']"
"[9, 8, 2, 3, 2, 3, 2, 2, 3, 1, 2, 1, 1, 1]","[0, 0, 0, 3, 0, 6, 2, 0, 5, 0, 7, 0]","['Sofa', 'Bookshelf', 'Bed', 'Wardrobe', 'Dresser', 'Chair']"
"[11, 11, 2, 2, 3, 1, 3, 1, 2, 1, 1, 1, 0, 0]","[0, 0, 2, 0, 5, 0, 8, 0, 10, 0, 0, 0]","['Table', 'TV Stand', 'Bookshelf', 'Lamp', 'Desk']"
"[12, 10, 2, 2, 1, 3, 1, 2, 0, 0, 0, 0, 0, 0]","[0, 0, 0, 2, 0, 5, 0, 0, 0, 0, 0, 0]","['Table', 'Dresser', 'Bookshelf']"
"[11, 9, 2, 3, 2, 2, 1, 3, 0, 0, 0, 0, 0, 0]","[0, 0, 0, 3, 0, 5, 0, 0, 0, 0, 0, 0]","['Table', 'Bed', 'Bookshelf']"
"[9, 11, 3, 2, 2, 2, 2, 2, 1, 3, 1, 2, 0, 0]","[0, 0, 3, 0, 5, 0, 7, 0, 8, 0, 0, 0]","['Table', 'Desk', 'Bookshelf', 'Wardrobe', 'Sofa']"
"[12, 10, 2, 3, 1, 3, 1, 1, 1, 1, 0, 0, 0, 0]","[0, 0, 0, 3, 0, 6, 0, 7, 0, 0, 0, 0]","['TV Stand', 'Chair', 'Sofa', 'Lamp']"
"[10, 11, 3, 2, 2, 1, 2, 1, 1, 1, 0, 0, 0, 0]","[0, 0, 3, 0, 5, 0, 7, 0, 0, 0, 0, 0]","['Dresser', 'Lamp', 'Sofa', 'Desk']"
"[9, 8, 2, 2, 1, 1, 1, 1, 0, 0, 0, 0, 0, 0]","[0, 0, 0, 2, 0, 3, 0, 0, 0, 0, 0, 0]","['Chair', 'Lamp', 'Table']"
"[12, 8, 2, 3, 2, 2, 1, 2, 2, 1, 0, 0, 0, 0]","[0, 0, 0, 3, 0, 5, 0, 7, 0, 0, 0, 0]","['Desk', 'Dresser', 'Sofa', 'Wardrobe']"
"[8, 11, 3, 2, 3, 2, 2, 2, 3, 1, 3, 1, 1, 1]","[0, 0, 3, 0, 6, 0, 0, 2, 3, 2, 6, 2]","['Bed', 'Bookshelf', 'Sofa', 'TV Stand', 'Table', 'Chair']"
"[12, 8, 2, 2, 2, 2, 1, 2, 0, 0, 0, 0, 0, 0]","[0, 0, 0, 2, 0, 4, 0, 0, 0, 0, 0, 0]","['Table', 'Dresser', 'Wardrobe']"
"[9, 12, 3, 2, 2, 2, 3, 1, 1, 2, 1, 1, 0, 0]","[0, 0, 3, 0, 5, 0, 8, 0, 5, 1, 0, 0]","['Chair', 'Bookshelf', 'Sofa', 'Table', 'Desk']"
"[12, 10, 2, 3, 1, 3, 1, 2, 1, 2, 1, 1, 0, 0]","[0, 0, 0, 3, 0, 6, 0, 8, 1, 3, 0, 0]","['Bookshelf', 'Bed', 'Lamp', 'Desk', 'Dresser']"
"[11, 8, 2, 2, 1, 2, 1, 1, 0, 0, 0, 0, 0, 0]","[0, 0, 0, 2, 0, 4, 0, 0, 0, 0, 0, 0]","['Wardrobe', 'Lamp', 'Desk']"
"[11, 11, 2, 3, 2, 3, 1, 3, 3, 1, 1, 1, 1, 1]","[0, 0, 0, 3, 0, 6, 0, 9, 0, 10, 1, 10]","['Bed', 'Lamp', 'Sofa', 'Bookshelf', 'Chair', 'TV Stand']"
"[10, 12, 3, 2, 2, 2, 3, 1, 1, 3, 1, 2, 1, 1]","[0, 0, 3, 0, 5, 0, 8, 0, 9, 0, 9, 2]","['TV Stand', 'Chair', 'Bookshelf', 'Desk', 'Table', 'Sofa']"
"[10, 8, 1, 3, 1, 2, 1, 2, 0, 0, 0, 0, 0, 0]","[0, 0, 0, 3, 0, 5, 0, 0, 0, 0, 0, 0]","['TV Stand', 'Dresser', 'Desk']"
"[10, 10, 2, 3, 2, 3, 1, 3, 2, 1, 0, 0, 0, 0]","[0, 0, 0, 3, 0, 6, 0, 9, 0, 0, 0, 0]","['Bed', 'TV Stand', 'Sofa', 'Desk']"
"[12, 10, 2, 3, 2, 3, 2, 2, 3, 1, 1, 1, 0, 0]","[0, 0, 0, 3, 0, 6, 0, 8, 0, 9, 0, 0]","['TV Stand', 'Wardrobe', 'Bed', 'Lamp', 'Sofa']"
"[8, 9, 3, 2, 3, 2, 2, 2, 0, 0, 0, 0, 0, 0]","[0, 0, 3, 0, 6, 0, 0, 0, 0, 0, 0, 0]","['Bed', 'Sofa', 'Wardrobe']"
"[10, 8, 2, 2, 1, 3, 1, 2, 2, 1, 0, 0, 0, 0]","[0, 0, 0, 2, 0, 5, 0, 7, 0, 0, 0, 0]","['Desk', 'Table', 'Bookshelf', 'Dresser']"
"[10, 8, 2, 3, 2, 2, 1, 2, 1, 1, 0, 0, 0, 0]","[0, 0, 0, 3, 0, 5, 0, 7, 0, 0, 0, 0]","['Dresser', 'Sofa', 'Wardrobe', 'Chair']"
"[9, 10, 3, 2, 2, 2, 3, 1, 0, 0, 0, 0, 0, 0]","[0, 0, 3, 0, 5, 0, 0, 0, 0, 0, 0, 0]","['Sofa', 'Table', 'Bookshelf']"
"[10, 12, 3, 2, 2, 2, 2, 1, 2, 1, 1, 1, 0, 0]","[0, 0, 3, 0, 5, 0, 7, 0, 9, 0, 0, 0]","['Desk', 'Lamp', 'Table', 'Dresser', 'Bed']"
"[9, 8, 2, 3, 1, 3, 1, 2, 0, 0, 0, 0, 0, 0]","[0, 0, 0, 3, 0, 6, 0, 0, 0, 0, 0, 0]","['Sofa', 'Bookshelf', 'Dresser']"
"[9, 11, 2, 2, 3, 1, 2, 1, 2, 1, 1, 1, 0, 0]","[0, 0, 2, 0, 5, 0, 7, 0, 2, 1, 0, 0]","['Lamp', 'Desk', 'Wardrobe', 'Bookshelf', 'Dresser']"
"[12, 12, 3, 2, 2, 2, 3, 1, 2, 1, 1, 1, 1, 1]","[0, 0, 3, 0, 5, 0, 8, 0, 10, 0, 11, 0]","['Table', 'Desk', 'Lamp', 'Sofa', 'Chair', 'Bookshelf']"
"[10, 9, 2, 3, 2, 2, 2, 2, 3, 1, 2, 1, 1, 1]","[0, 0, 0, 3, 0, 5, 0, 7, 0, 8, 2, 8]","['Wardrobe', 'Lamp', 'Bed', 'Bookshelf', 'Dresser', 'Table']"
"[9, 8, 2, 3, 2, 3, 2, 2, 2, 2, 3, 1, 1, 1]","[0, 0, 0, 3, 0, 6, 2, 0, 4, 0, 7, 0]","['Table', 'Sofa', 'Wardrobe', 'Chair', 'Bed', 'TV Stand']"
"[11, 9, 2, 3, 2, 3, 2, 2, 3, 1, 2, 1, 0, 0]","[0, 0, 0, 3, 0, 6, 0, 8, 3, 0, 0, 0]","['Sofa', 'Bookshelf', 'Desk', 'Bed', 'Table']"
"[10, 8, 2, 3, 2, 2, 1, 3, 1, 3, 0, 0, 0, 0]","[0, 0, 0, 3, 0, 5, 1, 5, 0, 0, 0, 0]","['TV Stand', 'Wardrobe', 'Bookshelf', 'Bed']"
"[12, 8, 2, 3, 2, 2, 1, 3, 1, 2, 2, 1, 1, 1]","[0, 0, 0, 3, 0, 5, 1, 5, 1, 7, 2, 0]","['Table', 'Desk', 'Bed', 'TV Stand', 'Dresser', 'Chair']"
"[11, 11, 2, 3, 2, 3, 2, 2, 2, 2, 2, 1, 2, 1]","[0, 0, 0, 3, 0, 6, 0, 8, 0, 10, 2, 0]","['Wardrobe', 'Table', 'Sofa', 'Desk', 'Bed', 'Dresser']"
"[10, 12, 3, 2, 3, 2, 2, 2, 1, 3, 1, 2, 1, 1]","[0, 0, 3, 0, 6, 0, 8, 0, 9, 0, 9, 2]","['Wardrobe', 'Bed', 'Dresser', 'Chair', 'Bookshelf', 'Sofa']"
"[12, 9, 2, 3, 2, 3, 2, 2, 3, 1, 1, 2, 1, 1]","[0, 0, 0, 3, 0, 6, 0, 8, 2, 0, 2, 2]","['Sofa', 'Wardrobe', 'Chair', 'Desk', 'Bed', 'TV Stand']"
"[8, 8, 3, 2, 2, 2, 3, 1, 0, 0, 0, 0, 0, 0]","[0, 0, 3, 0, 5, 0, 0, 0, 0, 0, 0, 0]","['Wardrobe', 'Sofa', 'TV Stand']"
"[8, 8, 3, 2, 3, 2, 2, 2, 1, 1, 0, 0, 0, 0]","[0, 0, 3, 0, 6, 0, 0, 2, 0, 0, 0, 0]","['Wardrobe', 'Sofa', 'Bed', 'Lamp']"
"[12, 10, 2, 3, 2, 2, 1, 3, 0, 0, 0, 0, 0, 0]","[0, 0, 0, 3, 0, 5, 0, 0, 0, 0, 0, 0]","['Table', 'Bed', 'TV Stand']"
"[8, 8, 2, 2, 3, 1, 3, 1, 1, 1, 1, 1, 0, 0]","[0, 0, 2, 0, 5, 0, 2, 1, 3, 1, 0, 0]","['Chair', 'Lamp', 'TV Stand', 'Wardrobe', 'Bookshelf']"
"[10, 10, 2, 2, 2, 2, 3, 1, 2, 1, 1, 1, 1, 1]","[0, 0, 2, 0, 4, 0, 7, 0, 9, 0, 4, 1]","['Table', 'Wardrobe', 'Lamp', 'Dresser', 'Chair', 'Bookshelf']"
"[8, 8, 3, 2, 2, 2, 3, 1, 0, 0, 0, 0, 0, 0]","[0, 0, 3, 0, 5, 0, 0, 0, 0, 0, 0, 0]","['Wardrobe', 'Sofa', 'TV Stand']"
"[8, 9, 2, 2, 3, 1, 2, 1, 0, 0, 0, 0, 0, 0]","[0, 0, 2, 0, 5, 0, 0, 0, 0, 0, 0, 0]","['Wardrobe', 'Dresser', 'Bookshelf']"
"[10, 8, 2, 3, 2, 2, 2, 2, 3, 1, 1, 1, 1, 1]","[0, 0, 0, 3, 0, 5, 0, 7, 3, 0, 2, 0]","['Bed', 'Table', 'Lamp', 'Wardrobe', 'Bookshelf', 'Chair']"
"[12, 11, 2, 3, 1, 3, 1, 2, 0, 0, 0, 0, 0, 0]","[0, 0, 0, 3, 0, 6, 0, 0, 0, 0, 0, 0]","['TV Stand', 'Desk', 'Sofa']"
"[10, 8, 2, 3, 1, 1, 1, 1, 0, 0, 0, 0, 0, 0]","[0, 0, 0, 3, 0, 4, 0, 0, 0, 0, 0, 0]","['Lamp', 'Chair', 'Bed']"
"[11, 9, 2, 3, 1, 3, 1, 2, 1, 1, 1, 1, 0, 0]","[0, 0, 0, 3, 0, 6, 0, 8, 1, 3, 0, 0]","['Bed', 'Dresser', 'TV Stand', 'Lamp', 'Chair']"
"[12, 12, 2, 3, 2, 2, 1, 3, 1, 2, 1, 1, 0, 0]","[0, 0, 0, 3, 0, 5, 0, 8, 0, 10, 0, 0]","['Dresser', 'TV Stand', 'Sofa', 'Wardrobe', 'Chair']"
"[11, 11, 2, 3, 1, 2, 1, 1, 0, 0, 0, 0, 0, 0]","[0, 0, 0, 3, 0, 5, 0, 0, 0, 0, 0, 0]","['Dresser', 'Lamp', 'Bed']"
"[11, 12, 3, 2, 3, 2, 2, 1, 2, 1, 1, 1, 1, 1]","[0, 0, 3, 0, 6, 0, 8, 0, 10, 0, 6, 1]","['Chair', 'Dresser', 'Desk', 'Sofa', 'Bed', 'Lamp']"
"[8, 10, 2, 2, 3, 1, 3, 1, 2, 1, 1, 1, 0, 0]","[0, 0, 2, 0, 5, 0, 2, 1, 4, 1, 0, 0]","['Dresser', 'Chair', 'TV Stand', 'Bookshelf', 'Table']"
"[10, 9, 2, 3, 2, 3, 2, 2, 0, 0, 0, 0, 0, 0]","[0, 0, 0, 3, 0, 6, 0, 0, 0, 0, 0, 0]","['Wardrobe', 'Bed', 'Sofa']"
"[11, 8, 2, 2, 1, 2, 1, 1, 0, 0, 0, 0, 0, 0]","[0, 0, 0, 2, 0, 4, 0, 0, 0, 0, 0, 0]","['Desk', 'Lamp', 'Wardrobe']"
"[10, 9, 2, 2, 1, 2, 1, 1, 0, 0, 0, 0, 0, 0]","[0, 0, 0, 2, 0, 4, 0, 0, 0, 0, 0, 0]","['Wardrobe', 'Desk', 'Chair']"
"[11, 10, 2, 3, 2, 2, 1, 3, 1, 1, 1, 1, 0, 0]","[0, 0, 0, 3, 0, 5, 0, 8, 0, 9, 0, 0]","['TV Stand', 'Chair', 'Sofa', 'Wardrobe', 'Lamp']"
"[12, 8, 2, 3, 2, 2, 1, 3, 1, 2, 2, 1, 1, 1]","[0, 0, 0, 3, 0, 5, 1, 5, 1, 7, 2, 0]","['Table', 'Lamp', 'Bookshelf', 'Dresser', 'Bed', 'Desk']"
"[10, 11, 3, 2, 3, 1, 2, 1, 2, 1, 1, 1, 0, 0]","[0, 0, 3, 0, 6, 0, 8, 0, 3, 1, 0, 0]","['TV Stand', 'Dresser', 'Desk', 'Lamp', 'Sofa']"
"[12, 11, 2, 3, 2, 3, 1, 3, 0, 0, 0, 0, 0, 0]","[0, 0, 0, 3, 0, 6, 0, 0, 0, 0, 0, 0]","['Sofa', 'TV Stand', 'Bed']"
"[9, 8, 2, 3, 2, 2, 1, 2, 0, 0, 0, 0, 0, 0]","[0, 0, 0, 3, 0, 5, 0, 0, 0, 0, 0, 0]","['Sofa', 'Desk', 'Wardrobe']"
"[9, 11, 3, 2, 2, 2, 3, 1, 1, 3, 2, 1, 1, 1]","[0, 0, 3, 0, 5, 0, 8, 0, 5, 1, 7, 1]","['TV Stand', 'Lamp', 'Sofa', 'Table', 'Bookshelf', 'Dresser']"
"[8, 8, 2, 3, 2, 3, 2, 2, 3, 1, 1, 1, 0, 0]","[0, 0, 0, 3, 0, 6, 2, 0, 5, 0, 0, 0]","['Bed', 'Chair', 'Bookshelf', 'Table', 'Sofa']"
"[12, 11, 2, 3, 2, 3, 2, 2, 0, 0, 0, 0, 0, 0]","[0, 0, 0, 3, 0, 6, 0, 0, 0, 0, 0, 0]","['Table', 'Sofa', 'Bed']"
"[12, 8, 2, 2, 2, 2, 1, 2, 1, 2, 1, 1, 0, 0]","[0, 0, 0, 2, 0, 4, 0, 6, 1, 4, 0, 0]","['Wardrobe', 'Table', 'Lamp', 'Dresser', 'Desk']"
"[12, 11, 2, 2, 1, 3, 1, 2, 0, 0, 0, 0, 0, 0]","[0, 0, 0, 2, 0, 5, 0, 0, 0, 0, 0, 0]","['Wardrobe', 'Desk', 'TV Stand']"
"[10, 8, 2, 3, 2, 2, 2, 2, 2, 1, 1, 1, 0, 0]","[0, 0, 0, 3, 0, 5, 0, 7, 2, 0, 0, 0]","['Dresser', 'Wardrobe', 'Table', 'Sofa', 'Lamp']"
"[11, 11, 2, 2, 2, 2, 1, 1, 0, 0, 0, 0, 0, 0]","[0, 0, 2, 0, 4, 0, 0, 0, 0, 0, 0, 0]","['Table', 'Wardrobe', 'Lamp']"
"[11, 11, 2, 3, 2, 3, 1, 3, 1, 2, 1, 1, 1, 1]","[0, 0, 0, 3, 0, 6, 0, 9, 1, 6, 1, 7]","['Chair', 'Lamp', 'Bookshelf', 'Bed', 'Sofa', 'Desk']"
"[10, 12, 3, 2, 2, 2, 3, 1, 2, 1, 2, 1, 0, 0]","[0, 0, 3, 0, 5, 0, 8, 0, 5, 1, 0, 0]","['Bed', 'Desk', 'Dresser', 'Table', 'TV Stand']"
"[10, 12, 3, 2, 3, 2, 2, 2, 2, 2, 2, 1, 1, 1]","[0, 0, 3, 0, 6, 0, 8, 0, 0, 2, 2, 2]","['Table', 'Sofa', 'Desk', 'Chair', 'Bed', 'Wardrobe']"
"[9, 8, 2, 2, 1, 3, 1, 3, 1, 2, 1, 2, 1, 1]","[0, 0, 0, 2, 0, 5, 1, 2, 1, 4, 1, 6]","['TV Stand', 'Lamp', 'Table', 'Bookshelf', 'Dresser', 'Desk']"
"[11, 12, 3, 2, 2, 2, 3, 1, 2, 1, 1, 1, 0, 0]","[0, 0, 3, 0, 5, 0, 8, 0, 10, 0, 0, 0]","['Chair', 'Wardrobe', 'Sofa', 'TV Stand', 'Dresser']"
"[9, 8, 2, 2, 1, 3, 1, 2, 1, 1, 1, 1, 0, 0]","[0, 0, 0, 2, 0, 5, 0, 7, 1, 2, 0, 0]","['Wardrobe', 'Lamp', 'TV Stand', 'Desk', 'Chair']"
"[10, 11, 2, 2, 3, 1, 2, 1, 1, 1, 0, 0, 0, 0]","[0, 0, 2, 0, 5, 0, 7, 0, 0, 0, 0, 0]","['Bookshelf', 'Desk', 'Lamp', 'Table']"
"[12, 12, 3, 2, 3, 1, 2, 1, 2, 1, 1, 1, 1, 1]","[0, 0, 3, 0, 6, 0, 8, 0, 10, 0, 11, 0]","['Chair', 'TV Stand', 'Sofa', 'Desk', 'Lamp', 'Dresser']"
"[11, 8, 2, 2, 1, 3, 1, 3, 1, 2, 0, 0, 0, 0]","[0, 0, 0, 2, 0, 5, 1, 2, 0, 0, 0, 0]","['Table', 'TV Stand', 'Dresser', 'Bookshelf']"
"[8, 10, 2, 2, 3, 1, 2, 1, 1, 1, 0, 0, 0, 0]","[0, 0, 2, 0, 5, 0, 7, 0, 0, 0, 0, 0]","['Table', 'TV Stand', 'Desk', 'Lamp']"
"[12, 8, 2, 3, 2, 2, 1, 3, 1, 2, 1, 1, 0, 0]","[0, 0, 0, 3, 0, 5, 1, 5, 1, 7, 0, 0]","['Bed', 'Table', 'TV Stand', 'Chair', 'Dresser']"
"[8, 8, 3, 2, 2, 2, 1, 1, 1, 1, 0, 0, 0, 0]","[0, 0, 3, 0, 5, 0, 6, 0, 0, 0, 0, 0]","['Lamp', 'Chair', 'Sofa', 'Table']"
"[11, 10, 2, 3, 2, 2, 2, 2, 1, 3, 1, 1, 0, 0]","[0, 0, 0, 3, 0, 5, 0, 7, 1, 7, 0, 0]","['Table', 'Lamp', 'Wardrobe', 'Bed', 'Bookshelf']"
"[10, 8, 2, 3, 2, 2, 1, 2, 1, 1, 0, 0, 0, 0]","[0, 0, 0, 3, 0, 5, 0, 7, 0, 0, 0, 0]","['Table', 'Sofa', 'Dresser', 'Lamp']"
"[12, 8, 2, 3, 2, 3, 2, 2, 1, 1, 0, 0, 0, 0]","[0, 0, 0, 3, 0, 6, 2, 0, 0, 0, 0, 0]","['Bed', 'Sofa', 'Lamp', 'Table']"
"[12, 10, 2, 2, 2, 2, 1, 2, 1, 1, 0, 0, 0, 0]","[0, 0, 0, 2, 0, 4, 0, 6, 0, 0, 0, 0]","['Wardrobe', 'Table', 'Lamp', 'Desk']"
"[11, 12, 3, 1, 2, 1, 1, 1, 0, 0, 0, 0, 0, 0]","[0, 0, 3, 0, 5, 0, 0, 0, 0, 0, 0, 0]","['Bookshelf', 'Dresser', 'Lamp']"
"[12, 8, 2, 3, 2, 2, 1, 1, 0, 0, 0, 0, 0, 0]","[0, 0, 0, 3, 0, 5, 0, 0, 0, 0, 0, 0]","['Chair', 'Table', 'Bed']"
"[8, 11, 3, 2, 3, 1, 1, 3, 1, 2, 0, 0, 0, 0]","[0, 0, 3, 0, 6, 0, 7, 0, 0, 0, 0, 0]","['Bookshelf', 'TV Stand', 'Sofa', 'Desk']"
"[11, 8, 2, 3, 2, 2, 2, 2, 1, 1, 1, 1, 0, 0]","[0, 0, 0, 3, 0, 5, 0, 7, 1, 7, 0, 0]","['Lamp', 'Chair', 'Wardrobe', 'Table', 'Sofa']"
"[9, 10, 2, 2, 3, 1, 2, 1, 0, 0, 0, 0, 0, 0]","[0, 0, 2, 0, 5, 0, 0, 0, 0, 0, 0, 0]","['Wardrobe', 'TV Stand', 'Dresser']"
"[8, 11, 2, 1, 1, 1, 1, 1, 0, 0, 0, 0, 0, 0]","[0, 0, 2, 0, 3, 0, 0, 0, 0, 0, 0, 0]","['Dresser', 'Lamp', 'Chair']"
"[8, 12, 2, 2, 2, 2, 3, 1, 1, 1, 1, 1, 0, 0]","[0, 0, 2, 0, 4, 0, 7, 0, 4, 1, 0, 0]","['Bookshelf', 'Wardrobe', 'Table', 'Chair', 'Lamp']"
"[12, 9, 2, 3, 2, 3, 2, 2, 2, 2, 0, 0, 0, 0]","[0, 0, 0, 3, 0, 6, 2, 0, 0, 0, 0, 0]","['Wardrobe', 'Bed', 'Sofa', 'Table']"
"[8, 10, 3, 2, 2, 2, 3, 1, 2, 1, 1, 2, 1, 1]","[0, 0, 3, 0, 5, 0, 5, 1, 7, 1, 0, 2]","['Chair', 'Dresser', 'Bed', 'TV Stand', 'Desk', 'Wardrobe']"
"[8, 12, 3, 2, 2, 2, 2, 2, 1, 3, 3, 1, 0, 0]","[0, 0, 3, 0, 5, 0, 7, 0, 0, 2, 0, 0]","['Bookshelf', 'Wardrobe', 'TV Stand', 'Table', 'Sofa']"
"[11, 8, 2, 2, 1, 3, 1, 2, 0, 0, 0, 0, 0, 0]","[0, 0, 0, 2, 0, 5, 0, 0, 0, 0, 0, 0]","['Wardrobe', 'Desk', 'TV Stand']"
"[12, 11, 2, 3, 2, 3, 2, 2, 1, 2, 1, 1, 0, 0]","[0, 0, 0, 3, 0, 6, 0, 8, 0, 10, 0, 0]","['Desk', 'Lamp', 'Table', 'Sofa', 'Bed']"
"[11, 11, 3, 2, 2, 1, 2, 1, 1, 1, 0, 0, 0, 0]","[0, 0, 3, 0, 5, 0, 7, 0, 0, 0, 0, 0]","['Desk', 'Chair', 'Sofa', 'Dresser']"
"[12, 8, 2, 3, 1, 3, 1, 2, 0, 0, 0, 0, 0, 0]","[0, 0, 0, 3, 0, 6, 0, 0, 0, 0, 0, 0]","['Bookshelf', 'Desk', 'Bed']"
"[10, 12, 3, 2, 2, 2, 2, 1, 1, 1, 0, 0, 0, 0]","[0, 0, 3, 0, 5, 0, 7, 0, 0, 0, 0, 0]","['Wardrobe', 'Desk', 'Chair', 'Sofa']"
"[11, 8, 1, 3, 1, 3, 1, 1, 0, 0, 0, 0, 0, 0]","[0, 0, 0, 3, 0, 6, 0, 0, 0, 0, 0, 0]","['TV Stand', 'Bookshelf', 'Chair']"
"[8, 12, 3, 1, 3, 1, 2, 1, 2, 1, 1, 1, 1, 1]","[0, 0, 3, 0, 6, 0, 0, 1, 2, 1, 3, 1]","['Dresser', 'TV Stand', 'Bookshelf', 'Chair', 'Lamp', 'Desk']"
"[9, 11, 3, 2, 2, 2, 1, 1, 1, 1, 0, 0, 0, 0]","[0, 0, 3, 0, 5, 0, 6, 0, 0, 0, 0, 0]","['Lamp', 'Table', 'Sofa', 'Chair']"
"[10, 10, 2, 3, 2, 2, 1, 3, 3, 1, 2, 1, 0, 0]","[0, 0, 0, 3, 0, 5, 0, 8, 0, 9, 0, 0]","['Desk', 'Bookshelf', 'Table', 'TV Stand', 'Sofa']"
"[8, 9, 2, 2, 3, 1, 2, 1, 1, 1, 0, 0, 0, 0]","[0, 0, 2, 0, 5, 0, 7, 0, 0, 0, 0, 0]","['Bookshelf', 'Chair', 'Dresser', 'Table']"
"[12, 9, 1, 3, 1, 2, 1, 1, 0, 0, 0, 0, 0, 0]","[0, 0, 0, 3, 0, 5, 0, 0, 0, 0, 0, 0]","['Dresser', 'Lamp', 'Bookshelf']"
"[9, 8, 2, 3, 2, 2, 1, 3, 0, 0, 0, 0, 0, 0]","[0, 0, 0, 3, 0, 5, 0, 0, 0, 0, 0, 0]","['Bed', 'TV Stand', 'Table']"
"[10, 11, 3, 2, 2, 2, 3, 1, 2, 1, 1, 1, 0, 0]","[0, 0, 3, 0, 5, 0, 8, 0, 5, 1, 0, 0]","['Desk', 'Bookshelf', 'Table', 'Lamp', 'Sofa']"
"[12, 10, 2, 2, 1, 3, 1, 1, 0, 0, 0, 0, 0, 0]","[0, 0, 0, 2, 0, 5, 0, 0, 0, 0, 0, 0]","['Table', 'Chair', 'Bookshelf']"
"[12, 8, 2, 2, 1, 3, 1, 1, 0, 0, 0, 0, 0, 0]","[0, 0, 0, 2, 0, 5, 0, 0, 0, 0, 0, 0]","['Chair', 'TV Stand', 'Table']"
"[9, 10, 2, 2, 2, 2, 3, 1, 2, 1, 1, 1, 0, 0]","[0, 0, 2, 0, 4, 0, 7, 0, 4, 1, 0, 0]","['TV Stand', 'Dresser', 'Wardrobe', 'Chair', 'Table']"
"[10, 10, 2, 3, 2, 3, 2, 2, 3, 1, 3, 1, 1, 1]","[0, 0, 0, 3, 0, 6, 0, 8, 0, 9, 3, 0]","['Wardrobe', 'Bed', 'Bookshelf', 'Chair', 'TV Stand', 'Sofa']"
"[9, 11, 3, 2, 3, 1, 2, 1, 1, 2, 1, 1, 0, 0]","[0, 0, 3, 0, 6, 0, 8, 0, 3, 1, 0, 0]","['Desk', 'Lamp', 'TV Stand', 'Sofa', 'Dresser']"
"[8, 10, 3, 1, 3, 1, 2, 1, 2, 1, 1, 1, 1, 1]","[0, 0, 3, 0, 6, 0, 0, 1, 2, 1, 3, 1]","['Chair', 'Bookshelf', 'Lamp', 'TV Stand', 'Desk', 'Dresser']"
"[12, 12, 2, 2, 3, 1, 2, 1, 1, 1, 1, 1, 0, 0]","[0, 0, 2, 0, 5, 0, 7, 0, 8, 0, 0, 0]","['Desk', 'Chair', 'TV Stand', 'Lamp', 'Table']"
"[12, 10, 2, 3, 2, 2, 1, 3, 1, 1, 0, 0, 0, 0]","[0, 0, 0, 3, 0, 5, 0, 8, 0, 0, 0, 0]","['Chair', 'Sofa', 'Table', 'Bookshelf']"
"[11, 10, 1, 3, 1, 2, 1, 1, 0, 0, 0, 0, 0, 0]","[0, 0, 0, 3, 0, 5, 0, 0, 0, 0, 0, 0]","['TV Stand', 'Chair', 'Dresser']"
"[9, 12, 2, 2, 3, 1, 3, 1, 1, 2, 1, 1, 0, 0]","[0, 0, 2, 0, 5, 0, 8, 0, 2, 1, 0, 0]","['Chair', 'Bookshelf', 'TV Stand', 'Wardrobe', 'Desk']"
"[11, 10, 2, 3, 2, 2, 1, 3, 0, 0, 0, 0, 0, 0]","[0, 0, 0, 3, 0, 5, 0, 0, 0, 0, 0, 0]","['TV Stand', 'Bed', 'Wardrobe']"
"[10, 11, 3, 1, 1, 1, 1, 1, 0, 0, 0, 0, 0, 0]","[0, 0, 3, 0, 4, 0, 0, 0, 0, 0, 0, 0]","['Lamp', 'Bookshelf', 'Chair']"
"[10, 8, 2, 3, 2, 3, 2, 2, 3, 1, 2, 1, 1, 1]","[0, 0, 0, 3, 0, 6, 2, 0, 5, 0, 7, 0]","['Sofa', 'Desk', 'Table', 'Chair', 'TV Stand', 'Bed']"
"[10, 11, 2, 2, 3, 1, 3, 1, 0, 0, 0, 0, 0, 0]","[0, 0, 2, 0, 5, 0, 0, 0, 0, 0, 0, 0]","['Table', 'TV Stand', 'Bookshelf']"
"[12, 12, 3, 2, 3, 2, 2, 2, 2, 2, 1, 3, 0, 0]","[0, 0, 3, 0, 6, 0, 8, 0, 10, 0, 0, 0]","['Wardrobe', 'Sofa', 'Bed', 'Table', 'Bookshelf']"
"[9, 8, 2, 3, 2, 3, 1, 2, 0, 0, 0, 0, 0, 0]","[0, 0, 0, 3, 0, 6, 0, 0, 0, 0, 0, 0]","['Bed', 'Dresser', 'Sofa']"
"[9, 11, 3, 2, 2, 2, 3, 1, 1, 3, 2, 1, 1, 2]","[0, 0, 3, 0, 5, 0, 8, 0, 5, 1, 7, 1]","['Sofa', 'Bookshelf', 'Desk', 'Dresser', 'Wardrobe', 'TV Stand']"
"[10, 11, 2, 2, 2, 2, 2, 1, 0, 0, 0, 0, 0, 0]","[0, 0, 2, 0, 4, 0, 0, 0, 0, 0, 0, 0]","['Table', 'Desk', 'Wardrobe']"
"[11, 12, 3, 2, 3, 2, 2, 2, 2, 2, 1, 2, 0, 0]","[0, 0, 3, 0, 6, 0, 8, 0, 10, 0, 0, 0]","['Wardrobe', 'Bed', 'Sofa', 'Table', 'Dresser']"
"[9, 12, 2, 2, 3, 1, 1, 1, 1, 1, 0, 0, 0, 0]","[0, 0, 2, 0, 5, 0, 6, 0, 0, 0, 0, 0]","['Table', 'Chair', 'Lamp', 'TV Stand']"
"[12, 12, 2, 3, 2, 3, 2, 2, 1, 2, 1, 1, 0, 0]","[0, 0, 0, 3, 0, 6, 0, 8, 0, 10, 0, 0]","['Wardrobe', 'Sofa', 'Desk', 'Bed', 'Lamp']"
"[11, 12, 3, 2, 2, 2, 3, 1, 3, 1, 0, 0, 0, 0]","[0, 0, 3, 0, 5, 0, 8, 0, 0, 0, 0, 0]","['Bookshelf', 'TV Stand', 'Sofa', 'Wardrobe']"
"[12, 11, 2, 3, 2, 3, 2, 2, 2, 2, 3, 1, 1, 1]","[0, 0, 0, 3, 0, 6, 0, 8, 0, 10, 3, 0]","['Bed', 'Chair', 'Wardrobe', 'Sofa', 'Bookshelf', 'Table']"
"[8, 12, 2, 2, 2, 2, 3, 1, 1, 2, 2, 1, 1, 1]","[0, 0, 2, 0, 4, 0, 7, 0, 4, 1, 6, 1]","['Table', 'Bookshelf', 'Dresser', 'Wardrobe', 'Desk', 'Chair']"
"[8, 10, 3, 2, 2, 2, 3, 1, 2, 1, 1, 2, 0, 0]","[0, 0, 3, 0, 5, 0, 5, 1, 7, 1, 0, 0]","['Bookshelf', 'Desk', 'Dresser', 'Sofa', 'Table']"
"[12, 9, 2, 3, 2, 2, 1, 3, 1, 1, 0, 0, 0, 0]","[0, 0, 0, 3, 0, 5, 0, 8, 0, 0, 0, 0]","['TV Stand', 'Table', 'Sofa', 'Lamp']"
"[9, 8, 2, 2, 2, 2, 1, 3, 1, 1, 1, 1, 0, 0]","[0, 0, 0, 2, 0, 4, 0, 7, 1, 4, 0, 0]","['Wardrobe', 'Chair', 'Table', 'Lamp', 'TV Stand']"
"[11, 10, 2, 2, 1, 3, 1, 1, 0, 0, 0, 0, 0, 0]","[0, 0, 0, 2, 0, 5, 0, 0, 0, 0, 0, 0]","['Chair', 'Wardrobe', 'Bookshelf']"
"[8, 12, 3, 2, 3, 1, 2, 1, 1, 1, 0, 0, 0, 0]","[0, 0, 3, 0, 6, 0, 3, 1, 0, 0, 0, 0]","['Dresser', 'Sofa', 'Lamp', 'Bookshelf']"
"[9, 9, 2, 3, 2, 3, 2, 2, 2, 2, 3, 1, 3, 1]","[0, 0, 0, 3, 0, 6, 2, 0, 0, 8, 4, 0]","['Bookshelf', 'Table', 'Bed', 'Sofa', 'TV Stand', 'Wardrobe']"
"[10, 11, 3, 2, 2, 1, 2, 1, 1, 1, 0, 0, 0, 0]","[0, 0, 3, 0, 5, 0, 7, 0, 0, 0, 0, 0]","['Bed', 'Dresser', 'Desk', 'Chair']"
"[8, 10, 2, 2, 2, 2, 2, 1, 1, 1, 1, 1, 0, 0]","[0, 0, 2, 0, 4, 0, 6, 0, 7, 0, 0, 0]","['Table', 'Chair', 'Wardrobe', 'Dresser', 'Lamp']"
"[10, 8, 2, 3, 2, 3, 2, 2, 1, 3, 1, 2, 1, 1]","[0, 0, 0, 3, 0, 6, 2, 0, 2, 3, 2, 5]","['Bed', 'Dresser', 'Chair', 'TV Stand', 'Table', 'Sofa']"
"[11, 12, 2, 2, 3, 1, 2, 1, 1, 1, 1, 1, 0, 0]","[0, 0, 2, 0, 5, 0, 7, 0, 8, 0, 0, 0]","['Lamp', 'Desk', 'TV Stand', 'Table', 'Chair']"
"[9, 11, 3, 2, 3, 2, 2, 2, 1, 3, 0, 0, 0, 0]","[0, 0, 3, 0, 6, 0, 8, 0, 0, 0, 0, 0]","['Bed', 'Sofa', 'Table', 'Bookshelf']"
"[11, 11, 3, 2, 2, 2, 2, 2, 1, 1, 0, 0, 0, 0]","[0, 0, 3, 0, 5, 0, 7, 0, 0, 0, 0, 0]","['Wardrobe', 'Sofa', 'Table', 'Chair']"
"[10, 12, 2, 2, 3, 1, 3, 1, 2, 1, 2, 1, 1, 1]","[0, 0, 2, 0, 5, 0, 8, 0, 2, 1, 4, 1]","['TV Stand', 'Wardrobe', 'Lamp', 'Bookshelf', 'Dresser', 'Desk']"
"[9, 12, 2, 2, 2, 2, 2, 1, 1, 1, 1, 1, 0, 0]","[0, 0, 2, 0, 4, 0, 6, 0, 7, 0, 0, 0]","['Chair', 'Table', 'Lamp', 'Dresser', 'Wardrobe']"
"[11, 8, 2, 3, 2, 2, 2, 2, 3, 1, 0, 0, 0, 0]","[0, 0, 0, 3, 0, 5, 0, 7, 0, 0, 0, 0]","['Wardrobe', 'Table', 'TV Stand', 'Bed']"
"[9, 10, 3, 2, 2, 2, 3, 1, 1, 2, 1, 1, 0, 0]","[0, 0, 3, 0, 5, 0, 8, 0, 5, 1, 0, 0]","['TV Stand', 'Chair', 'Sofa', 'Desk', 'Table']"
"[10, 8, 2, 3, 2, 3, 2, 2, 2, 2, 3, 1, 2, 1]","[0, 0, 0, 3, 0, 6, 2, 0, 4, 0, 7, 0]","['Desk', 'Table', 'Wardrobe', 'Bookshelf', 'Sofa', 'Bed']"
"[11, 10, 2, 2, 1, 2, 1, 1, 1, 1, 0, 0, 0, 0]","[0, 0, 0, 2, 0, 4, 0, 5, 0, 0, 0, 0]","['Lamp', 'Dresser', 'Table', 'Chair']"
"[10, 8, 2, 3, 1, 2, 1, 2, 0, 0, 0, 0, 0, 0]","[0, 0, 0, 3, 0, 5, 0, 0, 0, 0, 0, 0]","['Dresser', 'Bed', 'Desk']"
"[8, 11, 3, 2, 2, 2, 2, 1, 1, 1, 0, 0, 0, 0]","[0, 0, 3, 0, 5, 0, 7, 0, 0, 0, 0, 0]","['Bed', 'Lamp', 'Table', 'Dresser']"
"[8, 10, 3, 2, 3, 2, 2, 2, 2, 1, 1, 1, 1, 1]","[0, 0, 3, 0, 6, 0, 0, 2, 2, 2, 3, 2]","['Chair', 'Lamp', 'Wardrobe', 'Bed', 'Sofa', 'Dresser']"
"[11, 11, 2, 3, 2, 3, 2, 2, 2, 2, 0, 0, 0, 0]","[0, 0, 0, 3, 0, 6, 0, 8, 0, 0, 0, 0]","['Bed', 'Table', 'Wardrobe', 'Sofa']"
